Date;Day Of Week;Holiday;Tomorrow Holiday;WIND SPEED (m/s);WIND DIRECTION (°);TEMPERATURE (ºC);RELATIVE HUMIDITY (%);BARIOMETRIC PRESSURE (mb);SOLAR RADIATION (W/m2);PRECIPITATION (l/m2)
2022-01-01;Saturday;True;False;0.48777777777777775;56.77777777777778;9.686363636363636;62.285714285714285;953.8571428571429;101.0;0.0
2022-01-02;Sunday;False;False;0.47555555555555556;31.555555555555557;8.945454545454545;67.71428571428571;954.4285714285714;90.14285714285714;0.0
2022-01-03;Monday;False;False;0.5522222222222222;41.22222222222222;8.981818181818182;76.23809523809524;951.7142857142857;94.71428571428571;0.0
2022-01-04;Tuesday;False;False;1.39;96.22222222222223;7.15;83.61904761904762;943.1428571428571;47.0;4.655555555555555
2022-01-05;Wednesday;False;True;1.6433333333333333;148.33333333333334;6.286363636363637;72.38095238095238;944.5714285714286;82.0;3.7666666666666666
2022-01-06;Thursday;True;False;0.6599999999999999;64.22222222222223;4.572727272727272;76.42857142857143;946.2857142857143;111.0;0.022222222222222223
2022-01-07;Friday;False;False;0.8288888888888889;20.0;5.2272727272727275;66.61904761904762;952.1428571428571;109.57142857142857;0.0
2022-01-08;Saturday;False;False;0.6944444444444444;35.0;3.4318181818181817;76.19047619047619;952.8571428571429;76.71428571428571;0.0
2022-01-09;Sunday;False;False;1.9155555555555555;152.11111111111111;8.713636363636365;71.28571428571429;948.7142857142857;98.85714285714286;0.0
2022-01-10;Monday;False;False;1.4533333333333334;17.444444444444443;11.761904761904763;69.3;947.8571428571429;120.57142857142857;0.0
2022-01-11;Tuesday;False;False;0.7611111111111111;12.666666666666666;9.861904761904762;67.3;950.2857142857143;109.0;0.0
2022-01-12;Wednesday;False;False;0.8533333333333333;53.333333333333336;6.9714285714285715;57.85;952.8571428571429;117.71428571428571;0.0
2022-01-13;Thursday;False;False;0.7533333333333334;23.0;4.786363636363636;60.857142857142854;956.1428571428571;95.71428571428571;0.0
2022-01-14;Friday;False;False;0.749;34.0;3.8434782608695657;62.95454545454545;955.7142857142857;117.0;0.0
2022-01-15;Saturday;False;False;0.546;51.5;3.739130434782609;63.0;952.5;115.375;0.0
2022-01-16;Sunday;False;False;0.485;84.8;3.8347826086956522;67.72727272727273;954.125;117.625;0.0
2022-01-17;Monday;False;False;0.485;64.55555555555556;4.48695652173913;63.45454545454545;955.5;109.625;0.0
2022-01-18;Tuesday;False;False;0.45444444444444443;12.666666666666666;4.678260869565217;55.13636363636363;953.7142857142857;117.625;0.0
2022-01-19;Wednesday;False;False;0.4366666666666667;73.4;4.539130434782609;48.0;952.8571428571429;118.875;0.0
2022-01-20;Thursday;False;False;0.8957142857142857;31.428571428571427;5.035;54.8421052631579;950.0;115.2;0.0
2022-01-21;Friday;False;False;0.6599999999999999;28.666666666666668;3.5818181818181816;58.714285714285715;950.3333333333334;122.14285714285714;0.0
2022-01-22;Saturday;False;False;0.7211111111111111;12.88888888888889;3.7818181818181817;57.0;951.8571428571429;118.14285714285714;0.0
2022-01-23;Sunday;False;False;0.602;20.3;3.9478260869565216;69.0;951.125;91.125;0.0
2022-01-24;Monday;False;False;0.636;20.6;4.930434782608696;64.86363636363636;951.875;56.5;0.0
2022-01-25;Tuesday;False;False;0.76;38.9;6.380952380952381;61.35;954.375;55.375;0.0
2022-01-26;Wednesday;False;False;0.85;59.2;4.747619047619048;65.1;953.625;122.625;0.0
2022-01-27;Thursday;False;False;0.74;20.2;6.139130434782608;53.40909090909091;952.7142857142857;132.25;0.0
2022-01-28;Friday;False;False;0.686;21.3;6.254545454545454;39.0;954.875;140.375;0.0
2022-01-29;Saturday;False;False;0.6788888888888889;32.22222222222222;6.847619047619048;33.7;955.8571428571429;143.71428571428572;0.0
2022-01-30;Sunday;False;False;0.517;14.5;7.068181818181818;34.857142857142854;953.5;138.0;0.0
2022-01-31;Monday;False;False;0.77;13.6;6.913636363636363;38.38095238095238;952.0;139.625;0.0
2022-02-01;Tuesday;False;False;2.2350000000000003;21.2;9.780952380952382;50.57142857142857;952.625;142.25;0.0
2022-02-02;Wednesday;False;False;0.5611111111111111;11.777777777777779;10.41;55.95;951.8571428571429;147.85714285714286;0.0
2022-02-03;Thursday;False;False;0.6255555555555555;53.55555555555556;9.155;56.3;948.0;129.71428571428572;0.0
2022-02-04;Friday;False;False;0.4977777777777778;63.0;9.105;64.7;947.0;92.71428571428571;0.0
2022-02-05;Saturday;False;False;1.4966666666666668;26.333333333333332;9.215;57.7;948.8571428571429;132.57142857142858;0.0
2022-02-06;Sunday;False;False;0.8955555555555557;34.333333333333336;7.765000000000001;43.6;951.8571428571429;154.42857142857142;0.0
2022-02-07;Monday;False;False;0.8033333333333333;17.666666666666668;8.809999999999999;45.4;952.7142857142857;154.28571428571428;0.0
2022-02-08;Tuesday;False;False;0.9844444444444443;29.77777777777778;9.675;49.45;953.4285714285714;156.14285714285714;0.0
2022-02-09;Wednesday;False;False;0.6888888888888889;28.444444444444443;9.08095238095238;55.095238095238095;952.8333333333334;157.0;0.0
2022-02-10;Thursday;False;False;0.5544444444444445;52.55555555555556;9.038095238095238;58.38095238095238;951.1666666666666;142.85714285714286;0.0
2022-02-11;Friday;False;False;0.6411111111111111;53.333333333333336;10.355;58.45;950.1428571428571;134.71428571428572;0.0
2022-02-12;Saturday;False;False;0.72875;116.875;9.794736842105262;57.68421052631579;948.4285714285714;142.0;0.0
2022-02-13;Sunday;False;False;1.7466666666666668;136.22222222222223;8.945;67.0;945.1428571428571;102.57142857142857;0.0
2022-02-14;Monday;False;False;2.21875;188.375;7.957894736842104;61.0;943.8333333333334;159.0;0.8500000000000001
2022-02-15;Tuesday;False;False;1.1325;201.375;7.75;54.8;951.0;167.66666666666666;0.0
2022-02-16;Wednesday;False;False;1.25;96.55555555555556;9.366666666666665;59.57142857142857;952.8571428571429;152.71428571428572;0.0
2022-02-17;Thursday;False;False;0.5928571428571429;65.71428571428571;10.68421052631579;65.36842105263158;952.0;173.8;0.0
2022-02-18;Friday;False;False;0.785;39.0;11.827777777777778;63.0;945.25;169.5;0.0
2022-02-19;Saturday;False;False;1.7785714285714285;29.285714285714285;9.678947368421053;54.21052631578947;946.4;96.8;0.0
2022-02-20;Sunday;False;False;0.6950000000000001;23.375;8.11;50.6;952.8333333333334;185.33333333333334;0.0
2022-02-21;Monday;False;False;0.9600000000000001;16.77777777777778;10.833333333333334;47.42857142857143;952.2857142857143;184.42857142857142;0.0
2022-02-22;Tuesday;False;False;1.098888888888889;32.888888888888886;12.42;25.3;952.5714285714286;192.14285714285714;0.0
2022-02-23;Wednesday;False;False;0.7711111111111111;31.666666666666668;11.178947368421053;36.10526315789474;948.5714285714286;153.57142857142858;0.0
2022-02-24;Thursday;False;False;0.7266666666666667;35.55555555555556;10.504999999999999;42.6;946.1428571428571;125.0;0.0
2022-02-25;Friday;False;False;1.427;25.0;8.404545454545454;69.4090909090909;948.75;37.875;2.8625
2022-02-26;Saturday;False;False;1.3122222222222222;39.888888888888886;7.980952380952381;79.28571428571429;946.5714285714286;22.142857142857142;2.157142857142857
2022-02-27;Sunday;False;False;0.78625;45.375;9.85;69.65;946.6666666666666;134.66666666666666;0.16666666666666666
2022-02-28;Monday;False;False;0.835;72.375;11.01;63.9;949.5;196.33333333333334;0.0
2022-03-01;Tuesday;False;False;0.99;119.77777777777777;11.440000000000001;57.95238095238095;948.5;198.14285714285714;0.0
2022-03-02;Wednesday;False;False;1.78875;209.75;12.255555555555555;56.8421052631579;946.4;193.16666666666666;0.0
2022-03-03;Thursday;False;False;0.7955555555555556;67.44444444444444;8.344444444444443;77.57894736842105;941.8333333333334;43.0;11.928571428571429
2022-03-04;Friday;False;False;1.955;18.25;9.059999999999999;56.38095238095238;942.1666666666666;134.33333333333334;0.5
2022-03-05;Saturday;False;False;0.97125;26.75;8.11111111111111;53.05263157894737;941.6666666666666;182.0;0.0
2022-03-06;Sunday;False;False;1.645;26.0;7.826315789473684;57.05;939.6666666666666;182.16666666666666;0.0
2022-03-07;Monday;False;False;1.2533333333333334;43.55555555555556;6.876190476190477;81.28571428571429;940.0;105.71428571428571;7.314285714285714
2022-03-08;Tuesday;False;False;1.6480000000000001;184.6;8.5;68.4090909090909;943.375;152.5;0.0
2022-03-09;Wednesday;False;False;0.712;67.2;9.095454545454546;68.31818181818181;946.375;112.75;0.0
2022-03-10;Thursday;False;False;1.2333333333333334;95.11111111111111;10.813636363636364;66.19047619047619;944.8571428571429;159.57142857142858;0.6142857142857142
2022-03-11;Friday;False;False;1.682;186.0;8.99047619047619;81.7;941.375;73.75;5.1875
2022-03-12;Saturday;False;False;1.7933333333333334;224.88888888888889;8.41;69.47368421052632;941.5714285714286;188.0;0.39999999999999997
2022-03-13;Sunday;False;False;1.455;117.8;9.85;62.94736842105263;941.5;243.375;8.0125
2022-03-14;Monday;False;False;1.95;22.25;8.795;77.15789473684211;938.1666666666666;27.833333333333332;16.05
2022-03-15;Tuesday;False;False;1.23625;30.75;13.810526315789472;61.55555555555556;940.6666666666666;47.166666666666664;0.0
2022-03-16;Wednesday;False;False;1.3566666666666667;32.77777777777778;13.05909090909091;58.904761904761905;942.2857142857143;57.857142857142854;0.0
2022-03-17;Thursday;False;False;2.9387499999999998;31.625;10.631578947368421;62.888888888888886;946.3333333333334;70.33333333333333;0.325
2022-03-18;Friday;False;False;1.6444444444444446;33.22222222222222;10.109523809523811;63.65;948.8571428571429;112.42857142857143;0.0
2022-03-19;Saturday;False;False;1.1087500000000001;34.625;10.571428571428571;65.6;948.8333333333334;128.16666666666666;0.025
2022-03-20;Sunday;False;False;2.3825;78.25;10.785;66.26315789473684;947.1666666666666;70.66666666666667;0.025
2022-03-21;Monday;False;False;1.7166666666666666;56.111111111111114;9.742857142857142;84.9;945.1428571428571;93.57142857142857;19.188888888888886
2022-03-22;Tuesday;False;False;2.3166666666666664;95.55555555555556;9.175;81.3157894736842;946.4285714285714;85.42857142857143;4.455555555555556
2022-03-23;Wednesday;False;False;1.4666666666666666;34.0;8.85;74.9047619047619;946.0;80.57142857142857;1.4777777777777779
2022-03-24;Thursday;False;False;1.74;28.75;9.157142857142858;81.95;945.0;52.666666666666664;3.1750000000000003
2022-03-25;Friday;False;False;1.673;28.5;9.94090909090909;85.0952380952381;944.5;102.875;4.5
2022-03-26;Saturday;False;False;1.2890000000000001;20.6;9.754545454545454;77.14285714285714;945.0;87.25;0.030000000000000006
2022-03-27;Sunday;False;False;1.014;50.8;11.4;70.19047619047619;948.25;131.5;0.02
2022-03-28;Monday;False;False;1.18375;36.0;11.673684210526316;67.3529411764706;946.3333333333334;206.33333333333334;0.0
2022-03-29;Tuesday;False;False;1.018;33.7;12.668181818181818;68.35;939.375;176.375;1.56
2022-03-30;Wednesday;False;False;0.8859999999999999;9.8;10.7;76.14285714285714;933.875;65.5;3.37
2022-03-31;Thursday;False;False;1.4966666666666668;177.33333333333334;9.29047619047619;61.8;935.5714285714286;174.28571428571428;0.5333333333333333
2022-04-01;Friday;False;False;1.8530000000000002;5.2;7.147826086956522;51.666666666666664;940.875;267.75;0.25
2022-04-02;Saturday;False;False;1.8177777777777777;6.0;5.845454545454545;42.95;945.7142857142857;281.7142857142857;0.0
2022-04-03;Sunday;False;False;1.9600000000000002;33.3;5.675;44.77272727272727;942.625;285.375;0.0
2022-04-04;Monday;False;False;2.35;31.9;5.643478260869566;45.18181818181818;941.625;249.0;0.0
2022-04-05;Tuesday;False;False;1.533;63.9;6.704166666666667;49.63636363636363;941.5;131.625;0.0
2022-04-06;Wednesday;False;False;1.6011111111111112;195.77777777777777;9.430434782608696;63.23809523809524;942.1428571428571;260.85714285714283;0.0
2022-04-07;Thursday;False;False;1.9149999999999998;195.8;13.391666666666666;54.27272727272727;945.75;295.5;0.0
2022-04-08;Friday;False;False;2.042;211.7;11.516666666666666;67.18181818181819;945.5;235.125;0.0
2022-04-09;Saturday;False;False;1.634;197.4;13.35;72.0909090909091;944.0;198.75;0.0
2022-04-10;Sunday;False;False;1.573;77.6;15.929166666666667;64.9090909090909;942.125;246.625;0.0
2022-04-11;Monday;False;False;2.1044444444444443;59.888888888888886;15.791304347826086;55.0;937.1428571428571;233.14285714285714;0.0
2022-04-12;Tuesday;False;False;1.283;121.5;11.052173913043477;76.47619047619048;938.125;145.625;6.0
2022-04-13;Wednesday;False;True;1.101;12.4;12.865217391304347;62.42857142857143;940.875;239.625;0.06999999999999999
2022-04-14;Thursday;True;True;1.554;19.2;15.57391304347826;54.61904761904762;944.625;298.5;0.0
2022-04-15;Friday;True;False;0.8880000000000001;38.2;17.582608695652173;52.76190476190476;946.8571428571429;293.625;0.0
2022-04-16;Saturday;False;False;0.9244444444444445;40.666666666666664;19.154545454545453;44.75;946.5714285714286;291.7142857142857;0.0
2022-04-17;Sunday;False;False;0.7944444444444445;50.333333333333336;18.804545454545455;40.55;944.1428571428571;273.7142857142857;0.0
2022-04-18;Monday;False;False;1.2833333333333334;31.22222222222222;18.895238095238096;39.526315789473685;941.2857142857143;321.85714285714283;0.0
2022-04-19;Tuesday;False;False;1.433;13.6;14.208695652173914;57.95238095238095;938.125;190.875;1.5
2022-04-20;Wednesday;False;False;2.423;11.4;8.30909090909091;67.85;935.875;174.375;11.36
2022-04-21;Thursday;False;False;1.496;86.9;11.163636363636364;48.7;936.875;309.625;0.0
2022-04-22;Friday;False;False;2.036;171.2;8.618181818181817;81.7;931.5;72.625;17.29
2022-04-23;Saturday;False;False;2.748;212.6;7.595454545454545;78.6;931.875;187.25;3.088888888888889
2022-04-24;Sunday;False;False;1.236;173.4;11.871428571428572;56.578947368421055;939.0;325.57142857142856;0.0
2022-04-25;Monday;False;False;0.8833333333333333;30.555555555555557;14.257142857142856;52.78947368421053;939.7142857142857;324.42857142857144;0.06666666666666668
2022-04-26;Tuesday;False;False;1.0422222222222224;34.22222222222222;14.745454545454544;59.5;940.0;229.71428571428572;5.377777777777777
2022-04-27;Wednesday;False;False;0.9410000000000001;72.3;13.063636363636363;77.55;943.375;177.125;4.8
2022-04-28;Thursday;False;False;0.9269999999999999;42.9;12.631818181818181;77.3;946.5;168.5;1.42
2022-04-29;Friday;False;False;1.128;45.6;16.849999999999998;53.95;950.125;310.75;0.01
2022-04-30;Saturday;False;False;0.8160000000000001;74.6;17.554545454545455;59.7;948.25;234.5;1.92
2022-05-01;Sunday;False;True;1.222;54.1;19.204545454545453;52.2;945.0;306.625;0.04
2022-05-02;Monday;True;False;0.9844444444444443;40.55555555555556;14.904545454545454;64.6;940.4285714285714;161.28571428571428;3.2222222222222223
2022-05-03;Tuesday;False;False;1.8977777777777776;23.77777777777778;13.131818181818181;70.3;941.1428571428571;150.42857142857142;1.6555555555555557
2022-05-04;Wednesday;False;False;2.018;31.1;15.160869565217391;57.333333333333336;944.0;265.25;0.05
2022-05-05;Thursday;False;False;1.1179999999999999;20.2;16.712500000000002;49.36363636363637;947.25;341.25;0.0
2022-05-06;Friday;False;False;1.325;17.7;17.150000000000002;41.27272727272727;948.375;341.375;0.0
2022-05-07;Saturday;False;False;1.4220000000000002;28.3;17.729166666666668;41.81818181818182;947.625;338.5;0.0
2022-05-08;Sunday;False;False;1.017;13.5;19.691666666666666;37.90909090909091;946.375;349.5;0.0
2022-05-09;Monday;False;False;1.0130000000000001;19.7;20.808695652173913;39.142857142857146;947.375;331.875;0.0
2022-05-10;Tuesday;False;False;1.044;37.9;21.6;41.42857142857143;948.0;343.5;0.0
2022-05-11;Wednesday;False;False;1.021111111111111;44.77777777777778;22.561904761904763;41.473684210526315;945.75;314.14285714285717;0.0
2022-05-12;Thursday;False;False;1.269;56.6;22.004347826086956;38.0;946.0;316.125;0.0
2022-05-13;Friday;False;False;0.9880000000000001;54.9;22.579166666666666;39.40909090909091;947.125;339.5;0.0
2022-05-14;Saturday;False;False;1.018888888888889;20.444444444444443;22.282608695652176;45.80952380952381;944.75;259.625;0.19
2022-05-15;Sunday;False;True;1.7055555555555555;145.55555555555554;20.40909090909091;49.65;944.8571428571429;291.3333333333333;0.0
2022-05-16;Monday;True;False;1.187;82.0;20.108695652173914;47.285714285714285;946.75;342.25;0.0
2022-05-17;Tuesday;False;False;1.1866666666666665;128.11111111111111;21.668181818181818;45.05;947.375;344.2857142857143;0.0
2022-05-18;Wednesday;False;False;0.9655555555555555;18.555555555555557;24.219047619047622;40.526315789473685;945.25;333.57142857142856;0.0
2022-05-19;Thursday;False;False;1.501;54.2;25.89090909090909;35.95;945.375;323.125;0.0
2022-05-20;Friday;False;False;1.501;46.2;26.221739130434784;32.57142857142857;947.75;252.5;0.0
2022-05-21;Saturday;False;False;1.1099999999999999;24.8;26.80909090909091;33.3;946.5;278.375;0.27
2022-05-22;Sunday;False;False;1.8989999999999998;154.6;23.3;41.2;942.25;296.875;0.0
2022-05-23;Monday;False;False;1.613;167.1;21.23478260869565;48.57142857142857;940.25;316.25;0.0
2022-05-24;Tuesday;False;False;1.5379999999999998;73.8;17.952173913043477;42.95238095238095;940.0;212.25;0.0
2022-05-25;Wednesday;False;False;1.7129999999999999;11.1;16.13478260869565;42.0;946.375;365.125;0.0
2022-05-26;Thursday;False;False;1.719;26.3;18.878260869565217;38.57142857142857;949.25;354.375;0.0
2022-05-27;Friday;False;False;1.2911111111111113;19.0;23.5;31.761904761904763;947.1428571428571;379.57142857142856;0.0
2022-05-28;Saturday;False;False;1.0633333333333335;25.555555555555557;25.15;30.1;943.2857142857143;350.42857142857144;0.0
2022-05-29;Sunday;False;False;1.4266666666666667;72.77777777777777;24.29090909090909;33.2;937.7142857142857;340.0;0.0
2022-05-30;Monday;False;False;2.375;212.0;19.617391304347827;45.57142857142857;938.375;296.75;0.0
2022-05-31;Tuesday;False;False;1.1549999999999998;127.3;22.034782608695654;40.95238095238095;941.625;351.25;0.0
2022-06-01;Wednesday;False;False;1.5766666666666667;158.88888888888889;23.32608695652174;33.95238095238095;943.1428571428571;347.42857142857144;0.0
2022-06-02;Thursday;False;False;1.292;161.2;22.412499999999998;43.95454545454545;941.875;301.625;0.0
2022-06-03;Friday;False;False;1.4449999999999998;171.3;22.125;39.68181818181818;941.75;337.75;0.0
2022-06-04;Saturday;False;False;1.541;160.5;21.025000000000002;40.68181818181818;943.25;337.125;0.0
2022-06-05;Sunday;False;False;1.268;127.1;22.224999999999998;38.18181818181818;946.625;362.75;0.0
2022-06-06;Monday;False;False;1.285;121.9;23.64761904761905;34.85;946.375;326.0;0.0
2022-06-07;Tuesday;False;False;1.291;80.5;25.295454545454547;35.5;945.25;357.875;0.0
2022-06-08;Wednesday;False;False;1.8170000000000002;185.9;24.08181818181818;40.9;944.25;295.375;0.0
2022-06-09;Thursday;False;False;1.348888888888889;12.666666666666666;25.83809523809524;41.578947368421055;945.2857142857143;358.42857142857144;0.0
2022-06-10;Friday;False;False;1.233;18.4;27.54285714285714;28.789473684210527;946.625;357.875;0.0
2022-06-11;Saturday;False;False;1.3539999999999999;45.4;29.263636363636362;30.85;945.875;338.875;0.0
2022-06-12;Sunday;False;False;1.25;35.2;28.963636363636365;26.65;946.5;279.0;0.0
2022-06-13;Monday;False;False;1.204;75.0;29.981818181818184;22.85;944.875;326.875;0.0
2022-06-14;Tuesday;False;False;1.186;58.2;31.254545454545454;23.7;943.25;318.0;0.0
2022-06-15;Wednesday;False;False;1.34;40.0;31.25;24.333333333333332;945.5;277.8333333333333;0.0
2022-06-16;Thursday;False;False;1.29625;22.125;31.235000000000003;26.944444444444443;946.3333333333334;258.8333333333333;0.21250000000000002
2022-06-17;Friday;False;False;1.7570000000000001;41.7;30.56086956521739;31.19047619047619;945.625;316.125;0.0
2022-06-18;Saturday;False;False;1.6510000000000002;57.1;31.395652173913046;23.095238095238095;941.75;306.875;0.05
2022-06-19;Sunday;False;False;2.225;221.7;23.14090909090909;39.2;939.25;362.125;0.0
2022-06-20;Monday;False;False;1.768;179.2;22.291304347826088;41.23809523809524;939.25;289.625;0.0
2022-06-21;Tuesday;False;False;1.4422222222222223;172.66666666666666;21.445454545454545;34.0;938.4285714285714;315.85714285714283;0.0
2022-06-22;Wednesday;False;False;2.128888888888889;204.0;19.277272727272727;43.75;938.8571428571429;339.14285714285717;0.0
2022-06-23;Thursday;False;False;2.07;211.11111111111111;19.247619047619047;53.526315789473685;940.8571428571429;252.42857142857142;0.35555555555555557
2022-06-24;Friday;False;False;1.5122222222222221;205.0;20.219047619047622;47.0;941.7142857142857;372.7142857142857;0.0
2022-06-25;Saturday;False;False;1.8555555555555554;214.77777777777777;21.257142857142856;41.473684210526315;939.1428571428571;349.57142857142856;0.0
2022-06-26;Sunday;False;False;1.6244444444444446;192.88888888888889;21.925;29.5;937.8571428571429;369.0;0.0
2022-06-27;Monday;False;False;1.2444444444444445;20.0;22.425;34.111111111111114;940.8571428571429;339.7142857142857;0.0
2022-06-28;Tuesday;False;False;1.3333333333333333;54.55555555555556;23.352631578947367;36.470588235294116;943.4285714285714;359.14285714285717;0.0
2022-06-29;Wednesday;False;False;1.5211111111111113;81.44444444444444;25.240000000000002;27.055555555555557;940.0;356.42857142857144;0.0
2022-06-30;Thursday;False;False;1.5366666666666666;163.22222222222223;23.905;32.05555555555556;939.0;335.0;0.0
2022-07-01;Friday;False;False;1.4233333333333333;29.22222222222222;24.009999999999998;37.166666666666664;942.1428571428571;354.0;0.0
2022-07-02;Saturday;False;False;1.491111111111111;84.77777777777777;27.736842105263158;44.529411764705884;942.5714285714286;335.57142857142856;0.0
2022-07-03;Sunday;False;False;1.7133333333333334;159.66666666666666;28.46;40.111111111111114;942.8571428571429;348.42857142857144;0.0
2022-07-04;Monday;False;False;1.1900000000000002;139.0;27.935000000000002;31.666666666666668;942.8571428571429;355.0;0.0
2022-07-05;Tuesday;False;False;1.3877777777777778;70.11111111111111;28.331578947368417;25.823529411764707;942.4285714285714;361.57142857142856;0.0
2022-07-06;Wednesday;False;False;1.8844444444444446;42.888888888888886;25.45263157894737;45.64705882352941;944.1428571428571;287.85714285714283;3.022222222222222
2022-07-07;Thursday;False;False;2.022;30.5;24.54736842105263;38.94117647058823;948.875;362.75;0.0
2022-07-08;Friday;False;False;1.4529999999999998;34.5;26.478947368421053;32.88235294117647;948.375;356.625;0.0
2022-07-09;Saturday;False;False;1.1211111111111112;21.11111111111111;29.257894736842104;29.941176470588236;946.2857142857143;365.57142857142856;0.0
2022-07-10;Sunday;False;False;1.2033333333333334;23.666666666666668;30.50526315789474;26.647058823529413;943.0;358.42857142857144;0.0
2022-07-11;Monday;False;False;1.23375;38.25;30.561111111111114;27.25;940.0;282.0;0.0
2022-07-12;Tuesday;False;False;1.2825;30.875;31.450000000000003;25.125;943.6666666666666;335.1666666666667;0.0
2022-07-13;Wednesday;False;False;0.9877777777777779;49.22222222222222;32.0;25.705882352941178;945.8571428571429;308.0;0.0
2022-07-14;Thursday;False;False;1.4277777777777778;33.77777777777778;33.55263157894737;20.5;944.7142857142857;314.42857142857144;0.0
2022-07-15;Friday;False;False;1.4300000000000002;46.111111111111114;32.660000000000004;18.764705882352942;942.5714285714286;333.14285714285717;0.0
2022-07-16;Saturday;False;False;1.4233333333333331;45.77777777777778;32.495;22.529411764705884;943.2857142857143;332.42857142857144;0.0
2022-07-17;Sunday;False;False;1.3822222222222225;59.77777777777778;32.385000000000005;23.470588235294116;944.1428571428571;333.85714285714283;0.0
2022-07-18;Monday;False;False;1.63125;86.875;32.18421052631579;24.3125;943.8333333333334;339.5;0.0
2022-07-19;Tuesday;False;False;1.9422222222222223;210.55555555555554;28.884210526315787;26.5;943.1428571428571;360.42857142857144;0.0
2022-07-20;Wednesday;False;False;0.98125;46.5;29.14736842105263;24.375;944.5;353.5;0.0
2022-07-21;Thursday;False;False;1.254;36.7;30.55;28.941176470588236;944.75;335.25;0.0
2022-07-22;Friday;False;False;1.524;76.0;30.669999999999998;28.529411764705884;943.5;327.875;0.0
2022-07-23;Saturday;False;False;1.328888888888889;66.22222222222223;29.83809523809524;20.72222222222222;943.2857142857143;358.7142857142857;0.0
2022-07-24;Sunday;False;True;1.5499999999999998;107.66666666666667;30.18095238095238;19.944444444444443;943.4285714285714;334.7142857142857;0.0
2022-07-25;Monday;True;False;1.43;148.25;30.880000000000003;19.88235294117647;943.8333333333334;341.6666666666667;0.0
2022-07-26;Tuesday;False;False;1.3311111111111111;34.77777777777778;28.981818181818184;30.85;942.0;332.0;0.0
2022-07-27;Wednesday;False;False;1.574;58.8;28.452173913043477;35.19047619047619;940.875;330.625;0.0
2022-07-28;Thursday;False;False;1.3977777777777778;107.88888888888889;29.30952380952381;26.68421052631579;939.1428571428571;347.14285714285717;0.0
2022-07-29;Friday;False;False;1.29;74.11111111111111;29.523809523809526;28.526315789473685;940.8571428571429;342.2857142857143;0.0
2022-07-30;Saturday;False;False;1.64875;31.875;27.814999999999998;42.72222222222222;942.3333333333334;298.3333333333333;1.7625000000000002
2022-07-31;Sunday;False;False;1.07;37.55555555555556;29.257142857142856;41.578947368421055;943.4285714285714;333.0;0.011111111111111112
2022-08-01;Monday;False;False;1.1544444444444446;26.333333333333332;31.271428571428572;31.894736842105264;942.4285714285714;312.57142857142856;0.0
2022-08-02;Tuesday;False;False;1.3822222222222222;51.44444444444444;31.022727272727273;34.7;942.1428571428571;302.14285714285717;3.8444444444444446
2022-08-03;Wednesday;False;False;1.3211111111111111;28.11111111111111;30.33181818181818;34.35;940.4285714285714;330.85714285714283;0.15555555555555556
2022-08-04;Thursday;False;False;1.3966666666666667;36.111111111111114;30.080952380952382;30.526315789473685;940.0;323.2857142857143;0.5222222222222223
2022-08-05;Friday;False;False;1.3122222222222222;51.111111111111114;30.228571428571428;29.36842105263158;941.5714285714286;321.14285714285717;0.0
2022-08-06;Saturday;False;False;1.3044444444444445;66.33333333333333;29.82857142857143;29.105263157894736;942.4285714285714;324.14285714285717;0.0
2022-08-07;Sunday;False;False;1.3422222222222222;60.22222222222222;29.776190476190475;29.473684210526315;941.4285714285714;320.0;0.0
2022-08-08;Monday;False;False;1.0333333333333334;42.44444444444444;29.325;28.833333333333332;941.8571428571429;316.85714285714283;0.0
2022-08-09;Tuesday;False;False;1.2550000000000001;41.0;30.213636363636365;28.94736842105263;944.0;320.0;0.0
2022-08-10;Wednesday;False;False;1.6655555555555557;65.22222222222223;30.854545454545452;29.3;942.8571428571429;279.0;0.0
2022-08-11;Thursday;False;False;1.4175;60.625;30.345454545454547;32.7;942.8333333333334;293.3333333333333;0.0
2022-08-12;Friday;False;False;1.2444444444444445;49.5;30.02916666666667;31.59090909090909;943.25;298.375;0.0
2022-08-13;Saturday;False;False;1.61;92.77777777777777;26.37391304347826;39.476190476190474;942.8571428571429;86.28571428571429;0.0
2022-08-14;Sunday;False;True;1.482222222222222;155.77777777777777;24.814285714285717;37.89473684210526;940.0;327.0;0.0
2022-08-15;Monday;True;False;1.272;125.3;25.221739130434784;28.333333333333332;939.25;318.75;0.0
2022-08-16;Tuesday;False;False;1.9200000000000002;205.22222222222223;24.35;30.15;938.0;298.42857142857144;0.0
2022-08-17;Wednesday;False;False;1.1277777777777778;13.0;21.934782608695652;40.80952380952381;940.0;274.0;1.6888888888888889
2022-08-18;Thursday;False;False;1.4322222222222223;26.0;21.679166666666664;42.04545454545455;944.5;293.125;0.039999999999999994
2022-08-19;Friday;False;False;1.2222222222222223;34.55555555555556;23.782608695652176;36.95238095238095;946.4285714285714;314.0;0.0
2022-08-20;Saturday;False;False;1.083;32.0;26.537499999999998;31.09090909090909;946.375;308.875;0.0
2022-08-21;Sunday;False;False;1.067;78.9;28.058333333333334;26.545454545454547;944.375;306.375;0.0
2022-08-22;Monday;False;False;1.3066666666666666;27.444444444444443;28.282608695652176;33.19047619047619;942.8571428571429;304.14285714285717;0.0
2022-08-23;Tuesday;False;False;1.3333333333333333;60.111111111111114;28.672727272727272;35.35;941.7142857142857;290.7142857142857;0.0
2022-08-24;Wednesday;False;False;1.0933333333333333;71.11111111111111;28.817391304347826;35.714285714285715;941.4285714285714;239.42857142857142;1.2111111111111112
2022-08-25;Thursday;False;False;1.157;27.1;27.97083333333333;35.81818181818182;942.875;277.375;0.38
2022-08-26;Friday;False;False;1.4275;31.0;26.205263157894734;46.470588235294116;944.0;227.33333333333334;0.0
2022-08-27;Saturday;False;False;0.9125000000000001;43.25;26.33157894736842;45.05882352941177;941.3333333333334;267.3333333333333;0.0
2022-08-28;Sunday;False;False;1.53;99.25;28.189473684210526;41.8235294117647;941.6666666666666;277.0;0.0
2022-08-29;Monday;False;False;1.6300000000000001;78.5;28.13157894736842;45.35294117647059;944.3333333333334;257.3333333333333;0.42000000000000004
2022-08-30;Tuesday;False;False;1.455;156.5;27.926315789473687;33.88235294117647;946.3333333333334;279.3333333333333;0.0
2022-08-31;Wednesday;False;False;1.56;199.75;26.905555555555555;28.4375;946.3333333333334;285.3333333333333;0.0
2022-09-01;Thursday;False;False;1.215;108.75;25.61111111111111;28.25;944.0;282.0;0.0
2022-09-02;Friday;False;False;1.4949999999999999;163.25;24.125;36.7;943.3333333333334;262.3333333333333;0.0
2022-09-03;Saturday;False;False;1.31;194.25;23.083333333333332;43.0;942.6666666666666;269.0;0.0
2022-09-04;Sunday;False;False;1.265;194.75;22.758333333333336;35.6;946.0;281.0;0.0
2022-09-05;Monday;False;False;1.355;127.0;22.175;37.0;948.6666666666666;276.0;0.0
2022-09-06;Tuesday;False;False;1.605;204.25;22.441666666666666;47.5;947.3333333333334;273.0;0.0
2022-09-07;Wednesday;False;False;1.355;149.0;21.508333333333336;41.4;945.3333333333334;210.66666666666666;0.0
2022-09-08;Thursday;False;False;1.1925;203.75;23.441666666666666;47.5;945.3333333333334;235.66666666666666;0.0
2022-09-09;Friday;False;False;1.045;168.75;25.566666666666666;48.5;946.6666666666666;266.3333333333333;0.0
2022-09-10;Saturday;False;False;1.045;26.25;26.383333333333336;39.0;946.6666666666666;260.6666666666667;0.0
2022-09-11;Sunday;False;False;0.9175;26.25;27.141666666666666;38.7;944.0;252.66666666666666;0.0
2022-09-12;Monday;False;False;1.4849999999999999;78.75;25.816666666666666;45.0;941.0;112.0;0.3
2022-09-13;Tuesday;False;False;2.265;170.5;21.258333333333333;68.4;939.0;153.0;13.74
2022-09-14;Wednesday;False;False;1.3075;207.0;19.916666666666668;67.4;941.0;190.66666666666666;0.0
2022-09-15;Thursday;False;False;0.8400000000000001;118.5;20.516666666666666;71.3;943.3333333333334;173.0;7.24
2022-09-16;Friday;False;False;0.7775;12.25;21.916666666666668;64.1;943.3333333333334;232.66666666666666;0.0
2022-09-17;Saturday;False;False;0.97;112.5;22.291666666666668;49.7;942.3333333333334;243.66666666666666;0.0
2022-09-18;Sunday;False;False;1.0775000000000001;35.0;23.625;50.2;943.3333333333334;229.0;0.0
2022-09-19;Monday;False;False;1.0275;20.75;23.016666666666666;61.8;945.0;160.0;0.13999999999999999
2022-09-20;Tuesday;False;False;0.995;20.5;22.233333333333334;66.9;946.3333333333334;214.0;10.6
2022-09-21;Wednesday;False;False;0.9375;37.5;22.78333333333333;54.5;946.3333333333334;225.33333333333334;0.0
2022-09-22;Thursday;False;False;0.9425;101.75;22.675;55.1;946.6666666666666;213.0;0.0
2022-09-23;Friday;False;False;1.195;138.0;22.575;50.0;946.0;215.33333333333334;0.0
2022-09-24;Saturday;False;False;1.125;2.25;20.758333333333333;44.0;942.3333333333334;212.66666666666666;0.0
2022-09-25;Sunday;False;False;1.6425;39.0;16.400000000000002;48.3;942.3333333333334;194.33333333333334;0.0
2022-09-26;Monday;False;False;1.3;25.0;16.933333333333334;45.5;943.6666666666666;225.66666666666666;0.0
2022-09-27;Tuesday;False;False;0.9450000000000001;135.0;17.366666666666667;49.1;945.3333333333334;228.66666666666666;0.0
2022-09-28;Wednesday;False;False;1.4275;250.75;17.900000000000002;50.4;943.3333333333334;186.0;0.0
2022-09-29;Thursday;False;False;1.625;242.5;14.708333333333334;63.6;938.0;65.33333333333333;0.72
2022-09-30;Friday;False;False;1.0925;17.75;15.283333333333333;51.6;944.3333333333334;222.0;0.0
2022-10-01;Saturday;False;False;0.72;7.75;16.56923076923077;50.0;953.0;219.33333333333334;0.0
2022-10-02;Sunday;False;False;0.7675000000000001;18.25;19.423076923076923;39.81818181818182;954.0;223.66666666666666;0.0
2022-10-03;Monday;False;False;0.66;19.75;20.63076923076923;33.0;950.3333333333334;157.33333333333334;0.0
2022-10-04;Tuesday;False;False;0.6875;17.25;21.576923076923077;40.63636363636363;949.3333333333334;183.0;0.0
2022-10-05;Wednesday;False;False;0.745;16.5;21.323076923076922;45.27272727272727;950.6666666666666;190.33333333333334;0.0
2022-10-06;Thursday;False;False;0.88;47.5;20.9;54.18181818181818;953.6666666666666;183.33333333333334;0.0
2022-10-07;Friday;False;False;0.69;1.75;19.123076923076923;61.81818181818182;950.3333333333334;170.33333333333334;0.0
2022-10-08;Saturday;False;False;0.8474999999999999;83.5;19.615384615384617;56.27272727272727;947.3333333333334;186.0;0.0
2022-10-09;Sunday;False;False;0.8275;20.5;19.784615384615385;59.45454545454545;946.3333333333334;177.66666666666666;0.0
2022-10-10;Monday;False;False;0.7775;21.0;17.353846153846153;74.0;946.0;94.33333333333333;7.4799999999999995
2022-10-11;Tuesday;False;True;0.82;28.5;18.161538461538463;75.72727272727273;947.3333333333334;132.33333333333334;0.24
2022-10-12;Wednesday;True;False;0.75;83.0;18.453846153846154;68.81818181818181;949.6666666666666;187.66666666666666;0.0
2022-10-13;Thursday;False;False;0.7224999999999999;32.75;18.946153846153848;61.18181818181818;952.3333333333334;154.0;0.0
2022-10-14;Friday;False;False;0.745;14.75;19.553846153846152;57.09090909090909;951.3333333333334;176.0;0.0
2022-10-15;Saturday;False;False;0.8625;23.75;19.77692307692308;52.81818181818182;945.3333333333334;182.66666666666666;0.0
2022-10-16;Sunday;False;False;0.7525;20.75;19.207692307692305;53.90909090909091;945.6666666666666;136.0;0.0
2022-10-17;Monday;False;False;0.8275;33.0;20.03846153846154;65.54545454545455;949.3333333333334;144.33333333333334;2.2800000000000002
2022-10-18;Tuesday;False;False;0.795;25.0;20.784615384615385;61.0;951.3333333333334;166.33333333333334;0.0
2022-10-19;Wednesday;False;False;1.5875;82.0;20.176923076923078;52.27272727272727;946.6666666666666;81.33333333333333;0.22000000000000003
2022-10-20;Thursday;False;False;1.575;170.0;16.846153846153847;67.81818181818181;942.6666666666666;40.0;2.82
2022-10-21;Friday;False;False;1.2475;188.25;15.884615384615385;85.0909090909091;943.0;64.0;3.66
2022-10-22;Saturday;False;False;1.4475;92.0;16.546153846153846;82.0;943.0;126.66666666666667;6.56
2022-10-23;Sunday;False;False;1.3175;156.5;15.63846153846154;85.18181818181819;943.0;69.0;1.16
2022-10-24;Monday;False;False;0.565;60.5;15.423076923076923;81.18181818181819;946.0;74.33333333333333;0.12
2022-10-25;Tuesday;False;False;0.925;17.25;17.73846153846154;65.45454545454545;945.0;129.66666666666666;0.0
2022-10-26;Wednesday;False;False;0.6725;35.25;18.346153846153847;64.54545454545455;947.6666666666666;107.33333333333333;0.0
2022-10-27;Thursday;False;False;0.7075;2.75;19.66923076923077;54.72727272727273;949.0;114.66666666666667;0.0
2022-10-28;Friday;False;False;0.6925;20.5;18.976923076923075;54.36363636363637;951.0;116.0;0.0
2022-10-29;Saturday;False;False;0.7324999999999999;37.25;18.7;52.63636363636363;948.0;137.0;0.0
2022-10-30;Sunday;False;False;0.6;33.25;15.984615384615385;66.81818181818181;947.0;73.66666666666667;0.0
2022-10-31;Monday;False;True;0.63;14.5;14.046153846153846;81.72727272727273;946.6666666666666;33.333333333333336;1.02
2022-11-01;Tuesday;True;False;0.6975;18.75;16.346153846153847;74.0;950.0;110.66666666666667;0.02
2022-11-02;Wednesday;False;False;0.6900000000000001;16.0;15.830769230769231;67.63636363636364;950.0;138.0;0.0
2022-11-03;Thursday;False;False;1.4025;166.25;14.100000000000001;75.81818181818181;946.3333333333334;92.0;1.1800000000000002
2022-11-04;Friday;False;False;0.8725;23.5;12.600000000000001;63.27272727272727;948.0;134.33333333333334;0.0
2022-11-05;Saturday;False;False;0.64;31.25;10.661538461538461;62.90909090909091;949.0;146.33333333333334;0.0
2022-11-06;Sunday;False;False;0.6875;43.5;11.584615384615384;63.27272727272727;947.0;141.0;0.0
2022-11-07;Monday;False;False;0.655;134.0;12.661538461538461;67.36363636363636;946.6666666666666;136.0;0.0
2022-11-08;Tuesday;False;True;0.735;76.25;13.076923076923077;75.54545454545455;944.0;45.333333333333336;1.08
2022-11-09;Wednesday;True;False;0.8425;192.5;13.0;88.54545454545455;946.6666666666666;69.33333333333333;5.279999999999999
2022-11-10;Thursday;False;False;0.6325000000000001;1.75;11.776923076923076;75.0909090909091;951.0;135.33333333333334;0.0
2022-11-11;Friday;False;False;0.915;56.75;12.176923076923078;75.18181818181819;951.0;87.66666666666667;0.33999999999999997
2022-11-12;Saturday;False;False;1.2925;16.25;14.207692307692307;76.9090909090909;949.0;79.66666666666667;3.8199999999999994
2022-11-13;Sunday;False;False;0.675;10.5;13.930769230769231;77.63636363636364;947.6666666666666;102.66666666666667;0.0
2022-11-14;Monday;False;False;1.065;107.0;12.461538461538462;88.45454545454545;946.0;46.666666666666664;0.78
2022-11-15;Tuesday;False;False;1.7475;192.25;13.423076923076923;89.0909090909091;941.0;51.0;4.5
2022-11-16;Wednesday;False;False;1.75;217.5;12.03076923076923;92.63636363636364;939.0;42.0;2.6399999999999997
2022-11-17;Thursday;False;False;2.1825;213.75;14.284615384615384;88.45454545454545;938.0;56.666666666666664;0.4
2022-11-18;Friday;False;False;1.7475;252.0;10.830769230769231;73.54545454545455;941.0;94.33333333333333;0.28
2022-11-19;Saturday;False;False;1.7825;255.0;8.723076923076924;60.36363636363637;946.6666666666666;99.0;0.0
2022-11-20;Sunday;False;False;1.2149999999999999;158.25;10.953846153846154;75.0909090909091;950.3333333333334;118.0;0.0
2022-11-21;Monday;False;False;2.4524999999999997;216.25;11.323076923076922;84.0;943.6666666666666;32.333333333333336;7.06
2022-11-22;Tuesday;False;False;2.1125;210.75;8.238461538461538;78.9090909090909;943.3333333333334;50.333333333333336;1.52
2022-11-23;Wednesday;False;False;2.1625;172.75;14.038461538461538;89.81818181818181;942.3333333333334;78.66666666666667;0.06000000000000001
2022-11-24;Thursday;False;False;1.085;198.25;12.038461538461538;92.0;946.0;38.666666666666664;4.6
2022-11-25;Friday;False;False;1.1275;139.25;11.63846153846154;71.0909090909091;951.3333333333334;105.66666666666667;0.27999999999999997
2022-11-26;Saturday;False;False;0.5975;8.0;7.869230769230769;71.45454545454545;955.6666666666666;112.0;0.0
2022-11-27;Sunday;False;False;0.6325000000000001;46.5;8.646153846153847;72.81818181818181;950.3333333333334;108.0;0.27999999999999997
2022-11-28;Monday;False;False;1.5075;254.75;9.0;69.0909090909091;948.6666666666666;114.33333333333333;3.54
2022-11-29;Tuesday;False;False;0.625;36.75;7.753846153846154;69.45454545454545;948.3333333333334;105.66666666666667;0.0
2022-11-30;Wednesday;False;False;0.595;4.5;8.26153846153846;71.18181818181819;943.3333333333334;88.66666666666667;0.0
2022-12-01;Thursday;False;False;1.1175;29.5;8.507692307692308;64.81818181818181;942.0;112.0;0.0
2022-12-02;Friday;False;False;0.7424999999999999;84.0;6.1461538461538465;71.0;940.3333333333334;80.66666666666667;0.0
2022-12-03;Saturday;False;False;0.63;32.75;5.476923076923077;80.72727272727273;934.6666666666666;64.0;0.76
2022-12-04;Sunday;False;False;0.63;17.0;5.523076923076923;88.45454545454545;936.3333333333334;40.666666666666664;0.5599999999999999
2022-12-05;Monday;False;True;0.81;28.5;7.730769230769231;95.63636363636364;940.0;18.666666666666668;10.940000000000001
2022-12-06;Tuesday;True;False;0.4925;19.25;10.646153846153847;91.63636363636364;941.6666666666666;27.333333333333332;0.12000000000000002
2022-12-07;Wednesday;False;True;0.5775;22.0;10.569230769230769;89.0;940.3333333333334;54.333333333333336;0.0
2022-12-08;Thursday;True;False;1.08;95.0;9.561538461538461;96.18181818181819;931.3333333333334;22.666666666666668;17.36
2022-12-09;Friday;False;False;0.69;117.5;9.607692307692307;95.36363636363636;928.3333333333334;27.0;7.88
2022-12-10;Saturday;False;False;1.07;116.0;9.708333333333334;86.5;935.6666666666666;84.0;0.36
2022-12-11;Sunday;False;False;0.9775;64.25;7.6000000000000005;93.2;934.6666666666666;28.333333333333332;11.68
2022-12-12;Monday;False;False;1.4849999999999999;205.25;11.508333333333333;97.4;934.6666666666666;18.666666666666668;9.28
2022-12-13;Tuesday;False;False;1.6625;197.25;13.653846153846153;97.36363636363636;932.0;19.0;31.26
2022-12-14;Wednesday;False;False;1.1025;60.75;11.73076923076923;93.72727272727273;931.6666666666666;46.666666666666664;19.380000000000003
2022-12-15;Thursday;False;False;1.465;199.0;9.6;91.36363636363636;929.0;52.0;2.08
2022-12-16;Friday;False;False;0.7025;24.5;9.084615384615384;88.72727272727273;936.6666666666666;57.0;1.1
2022-12-17;Saturday;False;False;0.66;37.25;10.346153846153847;85.18181818181819;944.6666666666666;50.333333333333336;0.04
2022-12-18;Sunday;False;False;0.605;19.5;8.492307692307692;90.27272727272727;952.6666666666666;43.0;0.06000000000000001
2022-12-19;Monday;False;False;0.6475;33.5;7.892307692307693;88.45454545454545;953.3333333333334;60.666666666666664;0.0
2022-12-20;Tuesday;False;False;0.6025;17.25;8.23076923076923;93.81818181818181;950.3333333333334;25.333333333333332;8.64
2022-12-21;Wednesday;False;False;1.4224999999999999;212.75;11.023076923076925;92.63636363636364;952.0;70.66666666666667;0.08
2022-12-22;Thursday;False;False;1.305;198.5;12.123076923076923;91.45454545454545;954.6666666666666;68.66666666666667;0.0
2022-12-23;Friday;False;False;0.905;184.75;11.433333333333332;92.5;953.6666666666666;30.666666666666668;0.62
2022-12-24;Saturday;False;False;0.6625;174.0;10.107692307692307;90.27272727272727;950.3333333333334;40.0;0.0
2022-12-25;Sunday;False;True;0.845;91.25;10.238461538461538;85.72727272727273;948.3333333333334;85.0;0.0
2022-12-26;Monday;True;False;0.6075;10.75;10.7;77.0;953.6666666666666;96.66666666666667;0.0
2022-12-27;Tuesday;False;False;0.6075;26.75;9.553846153846154;79.72727272727273;957.3333333333334;94.66666666666667;0.0
2022-12-28;Wednesday;False;False;0.835;22.25;8.76923076923077;80.36363636363636;953.3333333333334;96.0;0.0
2022-12-29;Thursday;False;False;1.6025;201.0;10.215384615384616;87.54545454545455;950.0;47.666666666666664;0.0
2022-12-30;Friday;False;False;1.91;199.25;11.576923076923077;74.27272727272727;951.6666666666666;65.0;0.0
2022-12-31;Saturday;False;False;0.6425000000000001;20.5;9.2;70.27272727272727;953.6666666666666;97.66666666666667;0.0
2023-01-01;Sunday;False;False;0.6519999999999999;24.5;10.145833333333334;58.40909090909091;949.8571428571429;83.125;0.030000000000000006
2023-01-02;Monday;False;False;0.712;94.2;10.791666666666666;76.63636363636364;950.0;61.0;0.04
2023-01-03;Tuesday;False;False;0.549;36.7;8.458333333333334;75.04545454545455;954.7142857142857;96.875;0.0
2023-01-04;Wednesday;False;False;0.49888888888888894;30.0;7.091304347826087;70.42857142857143;956.5;99.71428571428571;0.0
2023-01-05;Thursday;False;True;0.54;73.6;6.883333333333333;67.22727272727273;954.1428571428571;107.125;0.0
2023-01-06;Friday;True;False;0.53;84.5;5.7;74.54545454545455;951.1428571428571;109.25;0.0
2023-01-07;Saturday;False;False;0.49000000000000005;34.6;4.6125;92.22727272727273;949.4285714285714;25.125;1.27
2023-01-08;Sunday;False;False;2.529;220.2;10.304166666666667;95.63636363636364;943.5714285714286;36.625;8.02
2023-01-09;Monday;False;False;1.611;214.2;10.870833333333332;68.0;948.7142857142857;108.75;0.04
2023-01-10;Tuesday;False;False;0.737;40.1;6.791666666666667;78.77272727272727;954.0;105.375;0.0
2023-01-11;Wednesday;False;False;0.603;42.2;7.345833333333334;92.36363636363636;953.4285714285714;33.125;0.04
2023-01-12;Thursday;False;False;0.605;103.5;6.229166666666667;81.31818181818181;954.2857142857143;111.625;0.06000000000000001
2023-01-13;Friday;False;False;0.5640000000000001;40.7;7.141666666666667;81.0;953.4285714285714;103.5;0.0
2023-01-14;Saturday;False;False;0.6211111111111111;112.55555555555556;6.260869565217392;83.66666666666667;951.3333333333334;108.71428571428571;0.011111111111111112
2023-01-15;Sunday;False;False;1.4477777777777776;216.44444444444446;6.460869565217391;79.47619047619048;947.8333333333334;76.85714285714286;0.011111111111111112
2023-01-16;Monday;False;False;3.23;221.77777777777777;6.460869565217391;78.85714285714286;941.1666666666666;40.857142857142854;0.1111111111111111
2023-01-17;Tuesday;False;False;3.852222222222222;240.0;8.091304347826087;71.23809523809524;931.0;90.71428571428571;0.5777777777777778
2023-01-18;Wednesday;False;False;2.4188888888888886;266.22222222222223;4.156521739130435;60.04761904761905;936.6666666666666;108.0;0.022222222222222223
2023-01-19;Thursday;False;False;2.331;227.0;4.616666666666666;65.63636363636364;945.0;99.875;0.27
2023-01-20;Friday;False;False;1.371;95.3;10.029166666666667;66.27272727272727;944.5714285714286;113.875;0.02
2023-01-21;Saturday;False;False;1.2289999999999999;25.3;6.8;61.04545454545455;947.2857142857143;122.5;0.04
2023-01-22;Sunday;False;False;1.312;14.3;4.241666666666666;40.36363636363637;950.0;131.875;0.0
2023-01-23;Monday;False;False;1.1488888888888888;16.77777777777778;3.426086956521739;55.61904761904762;947.5;129.14285714285714;0.0
2023-01-24;Tuesday;False;False;1.1366666666666667;35.22222222222222;2.78695652173913;60.285714285714285;948.3333333333334;85.57142857142857;0.0
2023-01-25;Wednesday;False;False;1.1277777777777778;19.77777777777778;4.28695652173913;57.19047619047619;950.0;133.0;0.0
2023-01-26;Thursday;False;False;1.127;35.3;4.791666666666667;56.18181818181818;946.0;119.25;0.0
2023-01-27;Friday;False;False;1.8099999999999998;14.444444444444445;3.847826086956522;55.04761904761905;943.1666666666666;128.28571428571428;0.0
2023-01-28;Saturday;False;False;1.2455555555555555;29.333333333333332;4.321739130434783;54.23809523809524;945.0;136.14285714285714;0.0
2023-01-29;Sunday;False;False;1.13;30.5;2.5416666666666665;58.72727272727273;949.1428571428571;140.75;0.0
2023-01-30;Monday;False;False;0.7044444444444444;55.3;3.2875;60.0;953.1428571428571;141.0;0.0
2023-01-31;Tuesday;False;False;0.48;46.3;4.104;58.391304347826086;953.1428571428571;135.625;0.0
2023-02-01;Wednesday;False;False;0.784;61.8;5.808;58.59090909090909;952.2857142857143;145.5;0.0
2023-02-02;Thursday;False;False;0.6455555555555555;28.77777777777778;7.129166666666666;56.476190476190474;953.0;142.0;0.0
2023-02-03;Friday;False;False;0.526;10.1;7.612;51.22727272727273;955.7142857142857;150.0;0.0
2023-02-04;Saturday;False;False;0.516;36.5;8.408;45.36363636363637;955.4285714285714;151.0;0.0
2023-02-05;Sunday;False;False;0.9099999999999999;61.44444444444444;9.366666666666667;36.095238095238095;954.1666666666666;156.5;0.0
2023-02-06;Monday;False;False;1.5566666666666666;34.77777777777778;6.729166666666667;49.0;948.8333333333334;157.42857142857142;0.0
2023-02-07;Tuesday;False;False;1.019;34.8;5.0760000000000005;65.0909090909091;947.5714285714286;80.125;1.1800000000000002
2023-02-08;Wednesday;False;False;1.358;30.6;6.216;65.9090909090909;949.7142857142857;83.875;0.0
2023-02-09;Thursday;False;False;0.646;36.7;7.247999999999999;64.22727272727273;954.1428571428571;109.625;0.01
2023-02-10;Friday;False;False;0.865;70.9;5.784;59.5;958.0;136.875;0.0
2023-02-11;Saturday;False;False;1.405;77.9;5.329166666666667;59.285714285714285;956.1428571428571;158.75;0.0
2023-02-12;Sunday;False;False;1.14;37.55555555555556;6.113043478260869;61.05;955.8333333333334;140.0;0.0
2023-02-13;Monday;False;False;1.059;45.1;6.145833333333333;66.66666666666667;956.4285714285714;164.75;0.0
2023-02-14;Tuesday;False;False;1.268888888888889;41.111111111111114;7.060869565217391;67.9;953.5;106.57142857142857;0.0
2023-02-15;Wednesday;False;False;0.8630000000000001;26.7;8.975;61.76190476190476;952.4285714285714;148.125;0.0
2023-02-16;Thursday;False;False;0.775;31.0;8.729166666666666;53.857142857142854;953.2857142857143;171.125;0.0
2023-02-17;Friday;False;False;0.909;37.6;8.950000000000001;45.04761904761905;954.8571428571429;176.5;0.0
2023-02-18;Saturday;False;False;0.8400000000000001;25.7;9.266666666666667;41.95238095238095;953.7142857142857;94.75;0.0
2023-02-19;Sunday;False;False;0.8550000000000001;36.8;12.495833333333332;49.285714285714285;951.2857142857143;140.75;0.0
2023-02-20;Monday;False;False;1.095;34.1;13.3375;45.476190476190474;949.1428571428571;125.5;0.0
2023-02-21;Tuesday;False;False;0.845;14.1;12.379166666666668;47.285714285714285;946.0;138.5;0.04
2023-02-22;Wednesday;False;False;0.744;56.8;11.012500000000001;59.57142857142857;944.1428571428571;159.0;0.0
2023-02-23;Thursday;False;False;1.8030000000000002;183.2;6.7124999999999995;67.52380952380952;938.2857142857143;95.5;0.18
2023-02-24;Friday;False;False;0.776;82.9;4.569565217391304;56.142857142857146;938.1428571428571;193.875;0.01
2023-02-25;Saturday;False;False;0.8511111111111112;50.55555555555556;4.465217391304348;58.65;934.1666666666666;158.28571428571428;0.5
2023-02-26;Sunday;False;False;1.0150000000000001;80.8;5.370833333333334;58.0;936.5714285714286;186.375;0.0
2023-02-27;Monday;False;False;2.0088888888888885;16.11111111111111;3.0857142857142854;39.36842105263158;940.3333333333334;173.0;0.0
2023-02-28;Tuesday;False;False;1.302;28.0;2.726086956521739;48.095238095238095;945.5714285714286;196.5;0.0
2023-03-01;Wednesday;False;False;0.9359999999999999;13.6;2.2416666666666667;47.904761904761905;944.4285714285714;166.5;0.0
2023-03-02;Thursday;False;False;0.8022222222222222;70.88888888888889;4.240909090909091;49.65;943.6666666666666;205.57142857142858;0.0
2023-03-03;Friday;False;False;0.897;46.4;5.916666666666667;51.333333333333336;945.8571428571429;203.5;0.0
2023-03-04;Saturday;False;False;0.7733333333333333;60.22222222222222;6.869565217391305;53.1;945.6666666666666;211.71428571428572;0.0
2023-03-05;Sunday;False;False;0.7222222222222222;68.77777777777777;5.199999999999999;67.52631578947368;942.6666666666666;69.85714285714286;1.9888888888888887
2023-03-06;Monday;False;False;1.5433333333333334;208.11111111111111;8.552173913043477;78.23809523809524;939.1666666666666;160.14285714285714;0.16666666666666666
2023-03-07;Tuesday;False;False;2.217777777777778;223.11111111111111;11.02608695652174;75.95238095238095;938.2857142857143;178.85714285714286;0.2777777777777778
2023-03-08;Wednesday;False;False;2.484;213.9;12.487499999999999;77.18181818181819;941.0;120.625;1.48
2023-03-09;Thursday;False;False;2.4050000000000002;212.9;13.470833333333333;75.13636363636364;941.75;167.5;11.709999999999999
2023-03-10;Friday;False;False;2.091;222.2;13.64;63.04347826086956;947.25;206.875;0.0
2023-03-11;Saturday;False;False;1.7120000000000002;206.6;14.187999999999999;72.56521739130434;948.125;197.75;0.04
2023-03-12;Sunday;False;False;0.985;71.0;16.02;63.130434782608695;947.75;209.625;0.0
2023-03-13;Monday;False;False;2.1744444444444446;161.55555555555554;14.637500000000001;64.33333333333333;943.4285714285714;228.57142857142858;0.0
2023-03-14;Tuesday;False;False;1.7955555555555556;228.33333333333334;12.166666666666666;47.333333333333336;946.4285714285714;225.28571428571428;0.0
2023-03-15;Wednesday;False;False;0.613;48.2;12.936;49.0;945.75;232.5;0.0
2023-03-16;Thursday;False;False;0.861;73.1;14.896;46.09090909090909;941.0;195.875;0.0
2023-03-17;Friday;False;False;2.35;193.7;13.552;54.0;941.0;209.625;0.0
2023-03-18;Saturday;False;False;1.5130000000000001;238.2;11.224;63.77272727272727;943.375;176.625;0.0
2023-03-19;Sunday;False;True;0.8150000000000001;12.6;12.904000000000002;52.18181818181818;947.375;254.75;0.0
2023-03-20;Monday;True;False;0.9099999999999999;49.55555555555556;13.466666666666667;45.76190476190476;945.6666666666666;234.28571428571428;0.0
2023-03-21;Tuesday;False;False;0.792;38.5;14.1875;46.04761904761905;944.375;240.125;0.0
2023-03-22;Wednesday;False;False;1.136;137.4;14.924999999999999;44.23809523809524;943.375;239.0;0.0
2023-03-23;Thursday;False;False;1.488;177.7;14.870833333333332;41.76190476190476;943.25;235.0;0.0
2023-03-24;Friday;False;False;1.559;178.5;13.329166666666666;63.857142857142854;945.625;176.0;0.0
2023-03-25;Saturday;False;False;1.482;175.8;13.924999999999999;64.0;947.625;231.375;0.0
2023-03-26;Sunday;False;False;1.97;197.2;14.808333333333332;45.666666666666664;946.875;282.375;0.0
2023-03-27;Monday;False;False;0.8869999999999999;38.1;13.495833333333332;37.61904761904762;948.25;274.125;0.0
2023-03-28;Tuesday;False;False;0.771;32.6;14.943999999999999;30.863636363636363;949.125;255.25;0.0
2023-03-29;Wednesday;False;False;1.016;46.5;17.2;35.22727272727273;948.375;255.125;0.0
2023-03-30;Thursday;False;False;2.087;199.6;16.672;46.72727272727273;948.375;231.625;0.0
2023-03-31;Friday;False;False;2.295;225.4;15.675999999999998;55.5;948.0;213.75;0.0
2023-04-01;Saturday;False;False;2.605;260.1;14.008333333333333;48.36363636363637;947.125;223.0;0.0
2023-04-02;Sunday;False;False;1.341;12.3;12.275;38.04545454545455;949.0;278.875;0.0
2023-04-03;Monday;False;False;0.9480000000000001;50.7;12.395833333333334;34.904761904761905;944.875;260.875;0.0
2023-04-04;Tuesday;False;False;1.911;39.2;13.799999999999999;25.095238095238095;941.75;292.875;0.0
2023-04-05;Wednesday;False;True;1.0950000000000002;22.5;13.495652173913042;19.19047619047619;944.625;289.625;0.0
2023-04-06;Thursday;True;True;0.859;26.9;15.808333333333332;22.545454545454547;944.125;283.625;0.0
2023-04-07;Friday;True;False;1.032;68.1;16.354166666666668;25.363636363636363;943.625;284.125;0.0
2023-04-08;Saturday;False;False;0.788;34.5;17.616666666666667;28.954545454545453;943.625;275.375;0.0
2023-04-09;Sunday;False;False;1.016;76.6;18.534782608695654;32.0;945.1428571428571;261.375;0.0
2023-04-10;Monday;False;False;1.045;107.8;19.6375;30.227272727272727;946.8571428571429;254.625;0.0
2023-04-11;Tuesday;False;False;1.364;126.7;19.120833333333334;35.63636363636363;946.75;281.75;0.0
2023-04-12;Wednesday;False;False;1.877;214.6;15.6;47.22727272727273;942.625;210.125;0.11000000000000001
2023-04-13;Thursday;False;False;1.97;240.0;11.5625;39.45454545454545;944.625;292.875;0.0
2023-04-14;Friday;False;False;2.4530000000000003;227.8;13.930434782608694;49.142857142857146;944.625;206.125;0.0
2023-04-15;Saturday;False;False;1.645;70.6;16.400000000000002;44.31818181818182;946.375;280.375;0.0
2023-04-16;Sunday;False;False;1.5879999999999999;20.8;17.3625;38.22727272727273;946.375;303.5;0.0
2023-04-17;Monday;False;False;1.304;28.2;17.341666666666665;25.318181818181817;942.5;306.75;0.0
2023-04-18;Tuesday;False;False;1.371;31.0;15.924999999999999;32.77272727272727;940.125;310.875;0.0
2023-04-19;Wednesday;False;False;1.123;51.4;17.0125;41.04545454545455;940.5;287.25;0.0
2023-04-20;Thursday;False;False;1.159;111.3;19.150000000000002;33.5;938.625;295.75;0.0
2023-04-21;Friday;False;False;1.553;165.7;18.8125;36.95454545454545;935.625;261.625;0.0
2023-04-22;Saturday;False;False;1.637;224.2;15.929166666666667;56.77272727272727;939.0;274.5;7.859999999999999
2023-04-23;Sunday;False;False;1.351;180.4;16.795833333333334;46.18181818181818;942.625;310.75;0.03
2023-04-24;Monday;False;False;1.258;145.0;18.966666666666665;47.22727272727273;944.0;299.0;0.01
2023-04-25;Tuesday;False;False;1.0644444444444445;143.11111111111111;21.343478260869563;42.476190476190474;942.2857142857143;306.14285714285717;0.0
2023-04-26;Wednesday;False;False;1.1877777777777778;80.77777777777777;21.869565217391305;35.57142857142857;942.0;316.7142857142857;0.0
2023-04-27;Thursday;False;False;0.9644444444444444;77.11111111111111;23.182608695652174;30.523809523809526;942.1428571428571;291.42857142857144;0.0
2023-04-28;Friday;False;False;1.051111111111111;61.0;24.008695652173916;32.0;941.7142857142857;231.85714285714286;0.05555555555555555
2023-04-29;Saturday;False;False;1.0779999999999998;125.8;21.891666666666666;39.63636363636363;943.0;172.625;0.3
2023-04-30;Sunday;False;True;1.274;19.0;19.539130434782606;45.666666666666664;944.75;237.0;0.0
2023-05-01;Monday;True;False;1.2555555555555555;26.88888888888889;19.53181818181818;36.9;944.4285714285714;319.85714285714283;0.0
2023-05-02;Tuesday;False;False;0.8711111111111111;22.22222222222222;21.022727272727273;26.9;943.4285714285714;291.57142857142856;0.0
2023-05-03;Wednesday;False;False;1.3622222222222222;84.55555555555556;22.472727272727273;28.6;941.7142857142857;280.7142857142857;0.0
2023-05-04;Thursday;False;False;2.136;216.3;20.06086956521739;37.714285714285715;945.25;328.625;0.0
2023-05-05;Friday;False;False;1.1039999999999999;120.5;19.670833333333334;34.90909090909091;944.875;327.625;0.0
2023-05-06;Saturday;False;False;1.283;116.9;20.287499999999998;31.318181818181817;941.875;325.875;0.0
2023-05-07;Sunday;False;False;1.1788888888888889;37.4;21.558333333333334;36.77272727272727;944.75;289.375;0.0
2023-05-08;Monday;False;False;1.1300000000000001;84.4;21.77916666666667;38.18181818181818;948.0;296.125;0.0
2023-05-09;Tuesday;False;False;1.416;135.7;22.820833333333336;38.36363636363637;946.0;320.5;0.0
2023-05-10;Wednesday;False;False;1.443;26.5;19.05;39.09090909090909;945.875;330.125;0.0
2023-05-11;Thursday;False;False;1.857;25.1;16.104166666666668;38.95454545454545;944.5;331.625;0.0
2023-05-12;Friday;False;False;1.8739999999999999;19.6;13.895833333333334;41.36363636363637;943.375;287.875;0.0
2023-05-13;Saturday;False;False;1.5719999999999998;14.2;14.304545454545455;42.25;944.875;314.25;0.0
2023-05-14;Sunday;False;True;1.2109999999999999;9.6;15.145454545454545;43.1;946.125;235.625;0.3
2023-05-15;Monday;True;False;1.423;15.7;15.227272727272727;43.25;945.375;290.375;0.0
2023-05-16;Tuesday;False;False;1.552;18.4;15.822727272727274;36.7;944.0;327.75;0.0
2023-05-17;Wednesday;False;False;2.795;47.6;15.359090909090908;32.1;943.125;349.375;0.0
2023-05-18;Thursday;False;False;2.391;31.7;15.181818181818182;35.7;944.5;340.375;0.0
2023-05-19;Friday;False;False;2.13;31.6;14.252173913043478;34.523809523809526;944.375;315.625;0.0
2023-05-20;Saturday;False;False;1.576;21.9;14.191666666666668;36.81818181818182;941.625;269.375;0.0
2023-05-21;Sunday;False;False;1.6940000000000002;25.3;14.816666666666668;46.0;939.375;232.5;1.22
2023-05-22;Monday;False;False;1.3679999999999999;34.9;17.412499999999998;42.68181818181818;939.625;222.0;0.44000000000000006
2023-05-23;Tuesday;False;False;1.8849999999999998;30.9;16.370833333333334;62.09090909090909;940.625;216.5;4.96
2023-05-24;Wednesday;False;False;1.331;27.5;16.883333333333333;60.36363636363637;941.875;227.5;0.19
2023-05-25;Thursday;False;False;1.214;28.4;17.275000000000002;60.22727272727273;941.875;250.875;2.6399999999999997
2023-05-26;Friday;False;False;1.574;62.9;14.341666666666667;78.5909090909091;943.125;112.125;19.84
2023-05-27;Saturday;False;False;1.181;30.7;16.233333333333334;69.36363636363636;944.25;207.25;7.32
2023-05-28;Sunday;False;False;0.7929999999999999;72.2;14.343478260869563;79.61904761904762;942.5;134.875;5.05
2023-05-29;Monday;False;False;0.893;45.5;15.5375;73.0;941.375;258.75;16.97
2023-05-30;Tuesday;False;False;0.977;51.3;15.7125;73.0;943.25;243.125;1.22
2023-05-31;Wednesday;False;False;0.954;78.1;17.729166666666668;63.22727272727273;943.0;313.5;0.02
2023-06-01;Thursday;False;False;1.149;27.8;16.779166666666665;65.72727272727273;941.5;233.125;7.08
2023-06-02;Friday;False;False;1.105;31.3;17.099999999999998;65.27272727272727;941.75;281.25;1.6300000000000001
2023-06-03;Saturday;False;False;1.05;14.3;18.083333333333332;62.31818181818182;942.0;302.5;1.9300000000000002
2023-06-04;Sunday;False;False;0.9633333333333334;27.77777777777778;19.482608695652175;57.61904761904762;943.0;301.7142857142857;1.7555555555555555
2023-06-05;Monday;False;False;1.17375;17.0;19.58636363636364;59.65;944.3333333333334;266.8333333333333;0.4375
2023-06-06;Tuesday;False;False;0.97875;49.5;21.047826086956523;54.76190476190476;943.0;331.14285714285717;0.0
2023-06-07;Wednesday;False;False;1.41;83.0;17.37391304347826;75.38095238095238;941.625;73.125;7.534999999999999
2023-06-08;Thursday;False;False;1.3188888888888888;153.88888888888889;17.0;80.76190476190476;940.25;118.625;3.3649999999999998
2023-06-09;Friday;False;False;1.5433333333333334;167.88888888888889;18.6125;65.27272727272727;940.375;281.75;0.12
2023-06-10;Saturday;False;False;1.231111111111111;157.55555555555554;20.565217391304348;58.38095238095238;942.5;287.5;0.0
2023-06-11;Sunday;False;False;1.278888888888889;152.77777777777777;21.5;48.142857142857146;942.5;330.875;0.0
2023-06-12;Monday;False;False;1.3122222222222222;93.44444444444444;21.295454545454547;48.857142857142854;941.375;296.125;0.0
2023-06-13;Tuesday;False;False;1.3133333333333335;25.666666666666668;19.5;55.77272727272727;939.875;279.5;1.2650000000000001
2023-06-14;Wednesday;False;False;0.8775000000000001;17.625;21.079166666666666;49.18181818181818;944.3333333333334;276.0;0.011111111111111112
2023-06-15;Thursday;False;False;1.02;66.125;24.530434782608697;44.095238095238095;946.4285714285714;343.14285714285717;0.0
2023-06-16;Friday;False;False;1.0488888888888888;79.44444444444444;26.317391304347826;40.19047619047619;944.75;331.0;0.03
2023-06-17;Saturday;False;False;1.3744444444444444;54.44444444444444;25.983333333333334;41.40909090909091;941.5;289.5;0.06
2023-06-18;Sunday;False;False;1.3422222222222222;90.66666666666667;23.962500000000002;46.54545454545455;939.75;284.75;0.64
2023-06-19;Monday;False;False;1.25125;24.625;22.743478260869566;56.38095238095238;939.7142857142857;256.57142857142856;2.977777777777778
2023-06-20;Tuesday;False;False;1.5225;194.375;22.282608695652176;49.904761904761905;940.7142857142857;290.42857142857144;0.011111111111111112
2023-06-21;Wednesday;False;False;1.0766666666666667;47.22222222222222;21.324;51.91304347826087;942.0;214.125;2.06
2023-06-22;Thursday;False;False;0.935;69.0;21.5;57.86363636363637;947.5714285714286;331.0;0.011111111111111112
2023-06-23;Friday;False;False;1.0942857142857143;36.125;24.979166666666668;45.09090909090909;949.5714285714286;344.7142857142857;0.0
2023-06-24;Saturday;False;False;0.97875;43.111111111111114;26.768;40.47826086956522;946.375;354.25;0.0
2023-06-25;Sunday;False;False;1.1925;34.888888888888886;28.488000000000003;36.43478260869565;945.625;333.75;0.0
2023-06-26;Monday;False;False;1.2075;20.333333333333332;28.645833333333332;32.13636363636363;945.625;347.75;0.0
2023-06-27;Tuesday;False;False;1.06875;33.333333333333336;27.96521739130435;38.23809523809524;944.125;306.5;0.0
2023-06-28;Wednesday;False;False;1.23875;55.625;27.786956521739132;37.523809523809526;942.5;311.875;0.0
2023-06-29;Thursday;False;False;1.7325;45.125;26.53478260869565;34.61904761904762;942.5;342.5;0.0
2023-06-30;Friday;False;False;2.24625;23.375;22.04;41.08695652173913;945.75;359.375;0.09
2023-07-01;Saturday;False;False;1.27875;31.0;24.268;38.608695652173914;945.0;350.5;0.0
2023-07-02;Sunday;False;False;1.43875;23.125;26.164;40.608695652173914;944.375;315.125;0.0
2023-07-03;Monday;False;False;1.8025;101.25;27.464000000000002;38.17391304347826;943.5;340.0;0.0
2023-07-04;Tuesday;False;False;1.35875;157.0;26.596;36.608695652173914;943.75;348.75;0.0
2023-07-05;Wednesday;False;False;1.2149999999999999;100.375;25.848000000000003;28.347826086956523;943.75;287.5;0.0
2023-07-06;Thursday;False;False;1.54;93.25;26.22;37.91304347826087;941.375;342.5;0.0
2023-07-07;Friday;False;False;1.7525;37.0;26.052;39.82608695652174;941.375;331.25;0.0
2023-07-08;Saturday;False;False;1.4649999999999999;188.875;25.58;28.82608695652174;944.375;360.875;0.0
2023-07-09;Sunday;False;False;1.055;193.25;26.084;28.652173913043477;946.625;337.625;0.0
2023-07-10;Monday;False;False;1.02;13.625;28.66;28.17391304347826;946.125;345.375;0.0
2023-07-11;Tuesday;False;False;1.65625;118.75;29.724;25.347826086956523;943.375;348.75;0.0
2023-07-12;Wednesday;False;False;1.4100000000000001;225.875;26.608;26.956521739130434;943.75;282.375;0.0
2023-07-13;Thursday;False;False;1.2;72.75;27.204;31.52173913043478;944.75;347.125;0.0
2023-07-14;Friday;False;False;1.6612500000000001;207.0;27.888;33.30434782608695;943.0;350.5;0.0
2023-07-15;Saturday;False;False;2.2475;210.875;25.291999999999998;35.608695652173914;941.625;356.25;0.0
2023-07-16;Sunday;False;False;1.2737500000000002;2.875;25.444000000000003;30.608695652173914;943.0;352.75;0.0
2023-07-17;Monday;False;False;0.97125;37.625;28.32;30.217391304347824;943.75;329.0;0.0
2023-07-18;Tuesday;False;False;1.5375;97.375;30.311999999999998;29.47826086956522;944.875;296.625;0.0
2023-07-19;Wednesday;False;False;2.01875;192.375;30.288;24.043478260869566;944.625;330.0;0.0
2023-07-20;Thursday;False;False;1.98125;207.875;27.566666666666666;22.272727272727273;941.625;355.0;0.0
2023-07-21;Friday;False;False;1.63125;107.0;25.458333333333332;30.636363636363637;941.625;313.0;0.0
2023-07-22;Saturday;False;False;1.25;24.77777777777778;24.668000000000003;35.43478260869565;943.375;278.0;0.0
2023-07-23;Sunday;False;False;1.3444444444444443;58.111111111111114;26.136;28.347826086956523;942.375;340.0;0.0
2023-07-24;Monday;False;False;1.721111111111111;171.0;24.84;29.08695652173913;940.75;327.125;0.0
2023-07-25;Tuesday;False;False;1.296;94.8;23.616;31.26086956521739;942.75;348.25;0.0
2023-07-26;Wednesday;False;False;1.123;15.3;24.651999999999997;31.956521739130434;944.375;343.0;0.0
2023-07-27;Thursday;False;False;1.685;71.5;25.94;32.08695652173913;942.125;337.5;0.0
2023-07-28;Friday;False;False;1.408;114.1;26.087500000000002;29.727272727272727;942.375;334.875;0.0
2023-07-29;Saturday;False;False;1.432;102.4;26.900000000000002;29.818181818181817;942.875;334.25;0.0
2023-07-30;Sunday;False;False;1.3030000000000002;91.0;28.229166666666668;31.90909090909091;944.625;333.625;0.0
2023-07-31;Monday;False;False;1.3030000000000002;38.7;28.616666666666664;31.818181818181817;944.25;328.0;0.0
2023-08-01;Tuesday;False;False;1.093;45.0;28.320833333333336;24.818181818181817;943.0;329.5;0.0
2023-08-02;Wednesday;False;False;1.5379999999999998;128.5;27.612;32.04347826086956;940.875;331.75;0.0
2023-08-03;Thursday;False;False;1.5379999999999998;71.2;25.36;34.869565217391305;942.0;329.25;0.0
2023-08-04;Friday;False;False;2.0155555555555558;29.444444444444443;21.108333333333334;33.81818181818182;945.8571428571429;335.57142857142856;0.0
2023-08-05;Saturday;False;False;1.203;42.3;23.064;32.91304347826087;947.5;325.75;0.0
2023-08-06;Sunday;False;False;1.3960000000000001;45.9;26.396;28.347826086956523;945.25;323.25;0.0
2023-08-07;Monday;False;False;1.323;35.5;26.0;27.0;945.25;321.375;0.0
2023-08-08;Tuesday;False;False;1.201;34.2;28.429166666666664;30.727272727272727;944.25;296.0;0.0
2023-08-09;Wednesday;False;False;1.116;35.9;29.98;29.956521739130434;945.375;235.25;0.0
2023-08-10;Thursday;False;False;1.236;129.2;29.912;25.565217391304348;946.875;316.875;0.0
2023-08-11;Friday;False;False;0.966;56.7;28.904;23.52173913043478;947.75;307.75;0.0
2023-08-12;Saturday;False;False;0.97;54.5;29.232;26.782608695652176;946.0;301.0;0.0
2023-08-13;Sunday;False;False;1.5150000000000001;101.3;28.38;32.30434782608695;943.125;308.5;0.0
2023-08-14;Monday;False;True;1.401;136.6;27.124000000000002;23.0;942.0;313.5;0.0
2023-08-15;Tuesday;True;False;1.16;80.4;27.933333333333334;23.90909090909091;942.875;295.875;0.0
2023-08-16;Wednesday;False;False;1.051;107.3;28.075;26.727272727272727;942.625;290.125;0.0
2023-08-17;Thursday;False;False;1.133;86.0;27.974999999999998;27.772727272727273;942.375;306.5;0.0
2023-08-18;Friday;False;False;1.552;152.4;26.268;25.52173913043478;943.0;273.5;0.0
2023-08-19;Saturday;False;False;1.016;44.5;27.46;29.347826086956523;945.375;295.875;0.0
2023-08-20;Sunday;False;False;0.8540000000000001;46.8;28.855999999999998;25.956521739130434;946.625;297.625;0.0
2023-08-21;Monday;False;False;1.028;28.3;30.368000000000002;27.652173913043477;946.75;288.0;0.0
2023-08-22;Tuesday;False;False;1.2622222222222221;39.44444444444444;30.90833333333333;23.181818181818183;945.7142857142857;290.2857142857143;0.0
2023-08-23;Wednesday;False;False;1.4533333333333334;55.0;30.599999999999998;24.136363636363637;944.7142857142857;293.0;0.0
2023-08-24;Thursday;False;False;1.3475000000000001;33.875;30.1125;23.454545454545453;942.3333333333334;290.2857142857143;0.0
2023-08-25;Friday;False;False;1.6955555555555555;152.88888888888889;29.870833333333334;20.636363636363637;941.3333333333334;272.2857142857143;0.0
2023-08-26;Saturday;False;False;2.247777777777778;162.55555555555554;26.175;25.227272727272727;940.1428571428571;156.28571428571428;0.0
2023-08-27;Sunday;False;False;2.0877777777777777;6.555555555555555;19.495833333333334;35.68181818181818;943.1428571428571;286.42857142857144;0.0
2023-08-28;Monday;False;False;1.1688888888888889;15.444444444444445;20.2375;37.72727272727273;946.1428571428571;291.42857142857144;0.0
2023-08-29;Tuesday;False;False;1.3377777777777777;6.222222222222222;21.483333333333334;38.09090909090909;943.1428571428571;269.14285714285717;0.0
2023-08-30;Wednesday;False;False;1.13;21.444444444444443;21.287499999999998;36.72727272727273;941.4285714285714;273.14285714285717;0.0
2023-08-31;Thursday;False;False;1.0133333333333332;39.22222222222222;23.083333333333332;33.77272727272727;943.7142857142857;281.14285714285717;0.0
2023-09-01;Friday;False;False;1.028888888888889;32.0;23.708333333333332;33.81818181818182;942.4285714285714;236.14285714285714;0.022222222222222223
2023-09-02;Saturday;False;False;1.4622222222222223;9.222222222222221;18.320833333333333;63.04545454545455;940.5714285714286;66.57142857142857;10.93888888888889
2023-09-03;Sunday;False;False;1.2877777777777777;21.11111111111111;16.752173913043478;85.0952380952381;940.7142857142857;49.42857142857143;22.76111111111111
2023-09-04;Monday;False;False;0.8644444444444445;15.222222222222221;18.295652173913044;80.76190476190476;941.2857142857143;120.57142857142857;37.03333333333333
2023-09-05;Tuesday;False;False;0.633;20.4;20.891666666666666;65.04545454545455;944.25;221.75;0.03
2023-09-06;Wednesday;False;False;0.6900000000000001;29.0;21.983333333333334;62.77272727272727;945.0;200.5;5.215
2023-09-07;Thursday;False;False;0.8879999999999999;32.9;22.928;59.34782608695652;944.75;198.875;0.025
2023-09-08;Friday;False;False;1.001;41.6;23.776;57.04347826086956;943.875;241.25;1.675
2023-09-09;Saturday;False;False;1.1320000000000001;60.8;22.248;63.21739130434783;943.75;182.875;1.395
2023-09-10;Sunday;False;False;0.9530000000000001;31.4;21.72;67.73913043478261;944.125;239.125;4.885
2023-09-11;Monday;False;False;1.117;148.5;20.324;65.1304347826087;943.5;207.625;3.535
2023-09-12;Tuesday;False;False;0.744;58.1;20.236;57.869565217391305;943.125;198.5;0.04
2023-09-13;Wednesday;False;False;1.149;48.6;20.996;52.0;945.125;251.375;0.0
2023-09-14;Thursday;False;False;0.991;23.4;21.608;57.21739130434783;944.625;176.125;0.0
2023-09-15;Friday;False;False;1.295;53.0;19.892;67.43478260869566;941.375;188.875;13.95
2023-09-16;Saturday;False;False;1.02;79.2;18.288;72.47826086956522;940.125;119.875;0.19
2023-09-17;Sunday;False;False;1.258;126.4;16.668;76.52173913043478;941.125;100.875;5.975
2023-09-18;Monday;False;False;0.991;133.1;16.404;73.47826086956522;945.125;126.0;0.01
2023-09-19;Tuesday;False;False;0.6811111111111111;57.55555555555556;18.029166666666665;63.77272727272727;945.7142857142857;216.0;0.0
2023-09-20;Wednesday;False;False;1.338888888888889;123.33333333333333;18.09130434782609;56.80952380952381;942.7142857142857;234.14285714285714;0.0
2023-09-21;Thursday;False;False;2.016666666666667;180.33333333333334;15.826086956521738;67.52380952380952;939.7142857142857;90.57142857142857;0.23888888888888887
2023-09-22;Friday;False;False;1.278;140.0;16.329166666666666;49.31818181818182;942.125;240.25;0.01
2023-09-23;Saturday;False;False;0.647;20.6;16.724;51.95652173913044;947.0;235.75;0.0
2023-09-24;Sunday;False;False;0.61;25.4;19.032;50.73913043478261;949.2857142857143;232.125;0.0
2023-09-25;Monday;False;False;0.636;20.9;20.671999999999997;45.78260869565217;948.7142857142857;231.875;0.0
2023-09-26;Tuesday;False;False;0.624;27.5;21.037499999999998;49.04545454545455;948.0;220.5;0.0
2023-09-27;Wednesday;False;False;0.76;16.7;21.291666666666668;53.72727272727273;947.5714285714286;211.125;0.0
2023-09-28;Thursday;False;False;0.6980000000000001;14.0;21.875;54.95454545454545;947.5714285714286;217.375;0.0
2023-09-29;Friday;False;False;0.7;12.777777777777779;23.35909090909091;48.5;949.3333333333334;220.14285714285714;0.0
2023-09-30;Saturday;False;False;0.663;22.1;23.545833333333334;50.5;951.7142857142857;211.625;0.0
2023-10-01;Sunday;False;False;0.661;49.4;23.541666666666668;48.31818181818182;950.7142857142857;214.25;0.0
2023-10-02;Monday;False;False;0.6849999999999999;18.3;22.912499999999998;44.86363636363637;950.0;206.0;0.0
2023-10-03;Tuesday;False;False;0.6359999999999999;20.6;22.554166666666664;47.95238095238095;950.5714285714286;192.25;0.0
2023-10-04;Wednesday;False;False;0.799;53.3;22.229166666666668;56.76190476190476;951.7142857142857;196.5;0.0
2023-10-05;Thursday;False;False;0.604;19.2;22.90833333333333;52.4;951.4285714285714;195.375;0.0
2023-10-06;Friday;False;False;0.721;14.6;23.295833333333334;43.95238095238095;951.0;197.125;0.0
2023-10-07;Saturday;False;False;0.688;26.8;22.712500000000002;41.90909090909091;950.7142857142857;195.375;0.0
2023-10-08;Sunday;False;False;0.5549999999999999;39.1;22.370833333333334;42.54545454545455;950.8571428571429;191.25;0.0
2023-10-09;Monday;False;False;0.579;14.8;22.037499999999998;43.5;951.0;183.125;0.0
2023-10-10;Tuesday;False;False;0.5599999999999999;21.1;20.820833333333333;45.5;949.7142857142857;186.875;0.0
2023-10-11;Wednesday;False;True;0.596;40.4;20.175;46.95454545454545;949.0;185.75;0.0
2023-10-12;Thursday;True;False;0.579;24.3;20.095833333333335;45.27272727272727;949.0;182.625;0.0
2023-10-13;Friday;False;False;0.805;12.6;20.429166666666667;46.0;948.1428571428571;145.25;0.0
2023-10-14;Saturday;False;False;0.658;20.7;18.254166666666666;70.28571428571429;948.8571428571429;129.375;1.30875
2023-10-15;Sunday;False;False;0.639;41.2;17.095833333333335;74.38095238095238;946.1428571428571;127.75;1.40625
2023-10-16;Monday;False;False;1.0;139.4;17.316666666666666;75.76190476190476;942.2857142857143;117.875;0.1
2023-10-17;Tuesday;False;False;1.922;83.5;19.125;68.54545454545455;938.2857142857143;102.75;0.33125
2023-10-18;Wednesday;False;False;2.619;182.9;17.258333333333333;79.95454545454545;937.8571428571429;125.875;1.6285714285714286
2023-10-19;Thursday;False;False;1.8649999999999998;162.7;13.85;93.5909090909091;928.3333333333334;14.0;73.05714285714285
2023-10-20;Friday;False;False;2.364;224.5;12.566666666666668;76.81818181818181;930.0;138.375;1.0642857142857143
2023-10-21;Saturday;False;False;1.0710000000000002;102.5;12.02608695652174;63.80952380952381;938.0;156.0;0.0
2023-10-22;Sunday;False;False;1.2650000000000001;24.4;11.97391304347826;74.23809523809524;936.3333333333334;97.125;25.75714285714286
2023-10-23;Monday;False;False;1.329;116.6;11.969565217391304;87.42857142857143;936.8333333333334;92.125;7.59375
2023-10-24;Tuesday;False;False;1.7730000000000001;206.6;10.950000000000001;85.25;942.0;107.75;1.795
2023-10-25;Wednesday;False;False;2.0144444444444445;182.88888888888889;14.213636363636363;87.2;942.1666666666666;112.71428571428571;0.12222222222222223
2023-10-26;Thursday;False;False;2.427;172.7;15.308333333333332;86.86363636363636;939.4285714285714;58.875;3.38
2023-10-27;Friday;False;False;1.919;178.4;12.25;82.54545454545455;939.3333333333334;121.125;0.025
2023-10-28;Saturday;False;False;2.195;174.3;13.741666666666667;79.86363636363636;939.8571428571429;109.5;0.04
2023-10-29;Sunday;False;False;1.877;155.6;14.15;81.22727272727273;937.0;43.875;1.5
2023-10-30;Monday;False;False;1.638;155.8;12.35;79.68181818181819;937.4285714285714;110.875;3.8950000000000005
2023-10-31;Tuesday;False;True;0.541;32.3;9.891666666666667;82.95454545454545;944.4285714285714;79.625;0.0
2023-11-01;Wednesday;True;False;1.798;142.3;11.434782608695652;91.38095238095238;943.1428571428571;42.125;0.275
2023-11-02;Thursday;False;False;3.433333333333333;213.66666666666666;11.990909090909092;79.3;935.2857142857143;81.42857142857143;10.677777777777777
2023-11-03;Friday;False;False;2.352;205.7;9.604347826086956;79.47619047619048;938.2857142857143;94.5;0.615
2023-11-04;Saturday;False;False;2.826;180.8;11.275;89.45454545454545;933.8571428571429;37.125;1.4849999999999999
2023-11-05;Sunday;False;False;2.097;209.1;10.583333333333334;76.81818181818181;939.5714285714286;136.5;0.01
2023-11-06;Monday;False;False;1.042;116.6;9.308333333333334;69.95454545454545;945.4285714285714;128.5;0.0
2023-11-07;Tuesday;False;False;0.8640000000000001;120.3;7.4875;76.36363636363636;949.4285714285714;93.75;0.025
2023-11-08;Wednesday;False;True;0.8539999999999999;81.7;8.466666666666667;82.36363636363636;950.0;91.0;0.030000000000000006
2023-11-09;Thursday;True;False;1.6019999999999999;187.8;12.0;75.27272727272727;946.0;138.875;0.45499999999999996
2023-11-10;Friday;False;False;1.4929999999999999;161.9;11.783333333333333;70.31818181818181;946.2857142857143;112.375;1.24
2023-11-11;Saturday;False;False;2.502;200.1;14.091304347826087;88.42857142857143;945.7142857142857;105.125;0.06999999999999999
2023-11-12;Sunday;False;False;1.547;179.4;15.052173913043477;82.28571428571429;948.7142857142857;126.375;0.0
2023-11-13;Monday;False;False;0.905;111.2;15.456521739130435;84.9047619047619;951.1428571428571;69.625;0.025
2023-11-14;Tuesday;False;False;0.523;54.6;12.908333333333333;88.54545454545455;951.7142857142857;75.5;0.0
2023-11-15;Wednesday;False;False;0.549;47.4;12.6625;87.72727272727273;950.625;74.875;0.0
2023-11-16;Thursday;False;False;0.507;55.5;12.0;92.9090909090909;950.625;58.625;0.04
2023-11-17;Friday;False;False;0.5309999999999999;38.4;13.416666666666666;87.36363636363636;951.0;100.625;0.02
2023-11-18;Saturday;False;False;0.471;30.8;12.966666666666667;77.63636363636364;951.75;124.875;0.0
2023-11-19;Sunday;False;False;0.42699999999999994;65.1;12.783333333333333;76.04545454545455;949.0;124.75;0.0
2023-11-20;Monday;False;False;0.564;69.6;12.395833333333334;74.4090909090909;946.625;118.375;0.0
2023-11-21;Tuesday;False;False;1.1480000000000001;7.9;10.291666666666666;63.63636363636363;947.25;123.0;0.0
2023-11-22;Wednesday;False;False;1.8122222222222222;6.111111111111111;10.052173913043477;57.714285714285715;947.7142857142857;124.42857142857143;0.0
2023-11-23;Thursday;False;False;0.7244444444444444;20.11111111111111;8.778260869565218;51.666666666666664;948.8571428571429;125.0;0.0
2023-11-24;Friday;False;False;0.40444444444444444;21.88888888888889;8.634782608695652;59.714285714285715;945.1428571428571;120.14285714285714;0.0
2023-11-25;Saturday;False;False;0.40222222222222226;38.77777777777778;9.282608695652174;66.47619047619048;943.2857142857143;116.71428571428571;0.0
2023-11-26;Sunday;False;False;0.445;47.8;9.183333333333334;67.27272727272727;943.875;106.125;0.0
2023-11-27;Monday;False;False;0.682;131.6;8.016666666666667;85.0909090909091;943.2857142857143;81.75;0.0
2023-11-28;Tuesday;False;False;0.9500000000000001;134.55555555555554;9.339130434782609;90.23809523809524;940.0;48.57142857142857;0.0
2023-11-29;Wednesday;False;False;1.705;193.1;12.091666666666667;89.45454545454545;937.75;54.5;0.045
2023-11-30;Thursday;False;False;2.29;164.1;12.6625;93.45454545454545;932.875;37.25;21.45
2023-12-01;Friday;False;False;1.798;142.3;11.434782608695652;91.38095238095238;943.1428571428571;42.125;0.275
2023-12-02;Saturday;False;False;3.433333333333333;213.66666666666666;11.990909090909092;79.3;935.2857142857143;81.42857142857143;10.677777777777777
2023-12-03;Sunday;False;False;2.352;205.7;9.604347826086956;79.47619047619048;938.2857142857143;94.5;0.615
2023-12-04;Monday;False;False;2.826;180.8;11.275;89.45454545454545;933.8571428571429;37.125;1.4849999999999999
2023-12-05;Tuesday;False;True;2.097;209.1;10.583333333333334;76.81818181818181;939.5714285714286;136.5;0.01
2023-12-06;Wednesday;True;False;1.042;116.6;9.308333333333334;69.95454545454545;945.4285714285714;128.5;0.0
2023-12-07;Thursday;False;True;0.8640000000000001;120.3;7.4875;76.36363636363636;949.4285714285714;93.75;0.025
2023-12-08;Friday;True;False;0.8539999999999999;81.7;8.466666666666667;82.36363636363636;950.0;91.0;0.030000000000000006
2023-12-09;Saturday;False;False;1.6019999999999999;187.8;12.0;75.27272727272727;946.0;138.875;0.45499999999999996
2023-12-10;Sunday;False;False;1.4929999999999999;161.9;11.783333333333333;70.31818181818181;946.2857142857143;112.375;1.24
2023-12-11;Monday;False;False;2.502;200.1;14.091304347826087;88.42857142857143;945.7142857142857;105.125;0.06999999999999999
2023-12-12;Tuesday;False;False;1.547;179.4;15.052173913043477;82.28571428571429;948.7142857142857;126.375;0.0
2023-12-13;Wednesday;False;False;0.905;111.2;15.456521739130435;84.9047619047619;951.1428571428571;69.625;0.025
2023-12-14;Thursday;False;False;0.523;54.6;12.908333333333333;88.54545454545455;951.7142857142857;75.5;0.0
2023-12-15;Friday;False;False;0.549;47.4;12.6625;87.72727272727273;950.625;74.875;0.0
2023-12-16;Saturday;False;False;0.507;55.5;12.0;92.9090909090909;950.625;58.625;0.04
2023-12-17;Sunday;False;False;0.5309999999999999;38.4;13.416666666666666;87.36363636363636;951.0;100.625;0.02
2023-12-18;Monday;False;False;0.471;30.8;12.966666666666667;77.63636363636364;951.75;124.875;0.0
2023-12-19;Tuesday;False;False;0.42699999999999994;65.1;12.783333333333333;76.04545454545455;949.0;124.75;0.0
2023-12-20;Wednesday;False;False;0.564;69.6;12.395833333333334;74.4090909090909;946.625;118.375;0.0
2023-12-21;Thursday;False;False;1.1480000000000001;7.9;10.291666666666666;63.63636363636363;947.25;123.0;0.0
2023-12-22;Friday;False;False;1.8122222222222222;6.111111111111111;10.052173913043477;57.714285714285715;947.7142857142857;124.42857142857143;0.0
2023-12-23;Saturday;False;False;0.7244444444444444;20.11111111111111;8.778260869565218;51.666666666666664;948.8571428571429;125.0;0.0
2023-12-24;Sunday;False;True;0.40444444444444444;21.88888888888889;8.634782608695652;59.714285714285715;945.1428571428571;120.14285714285714;0.0
2023-12-25;Monday;True;False;0.40222222222222226;38.77777777777778;9.282608695652174;66.47619047619048;943.2857142857143;116.71428571428571;0.0
2023-12-26;Tuesday;False;False;0.445;47.8;9.183333333333334;67.27272727272727;943.875;106.125;0.0
2023-12-27;Wednesday;False;False;0.682;131.6;8.016666666666667;85.0909090909091;943.2857142857143;81.75;0.0
2023-12-28;Thursday;False;False;0.9500000000000001;134.55555555555554;9.339130434782609;90.23809523809524;940.0;48.57142857142857;0.0
2023-12-29;Friday;False;False;1.705;193.1;12.091666666666667;89.45454545454545;937.75;54.5;0.045
2023-12-30;Saturday;False;False;2.29;164.1;12.6625;93.45454545454545;932.875;37.25;21.45
2023-12-31;Sunday;False;True;0.541;32.3;9.891666666666667;82.95454545454545;944.4285714285714;79.625;0.0
2024-01-01;Monday;True;False;0.529;32.7;10.141666666666667;66.36363636363636;957.5;132.625;0.0
2024-01-02;Tuesday;False;False;0.8790000000000001;6.9;10.116666666666667;65.22727272727273;955.75;137.75;0.0
2024-01-03;Wednesday;False;False;0.728;16.8;10.058333333333334;63.31818181818182;955.5;141.875;0.0
2024-01-04;Thursday;False;False;0.471;13.8;10.0625;55.77272727272727;955.375;144.75;0.0
2024-01-05;Friday;False;True;0.48;73.3;9.279166666666667;61.72727272727273;952.2857142857143;117.125;0.0
2024-01-06;Saturday;True;False;0.642;36.6;9.429166666666667;72.36363636363636;951.25;104.5;0.0
2024-01-07;Sunday;False;False;0.9650000000000001;96.7;8.424999999999999;86.54545454545455;948.1428571428571;63.125;0.0
2024-01-08;Monday;False;False;1.607;156.1;9.445833333333333;82.72727272727273;940.0;34.25;0.5
2024-01-09;Tuesday;False;False;2.029;156.6;9.208695652173914;93.19047619047619;926.25;41.75;10.145
2024-01-10;Wednesday;False;False;2.54;211.5;7.625;66.36363636363636;930.125;120.5;0.42000000000000004
2024-01-11;Thursday;False;False;1.7399999999999998;209.9;5.5125;74.81818181818181;938.2857142857143;77.5;0.11000000000000001
2024-01-12;Friday;False;False;1.701;158.8;9.741666666666667;84.95454545454545;941.0;149.75;0.09
2024-01-13;Saturday;False;False;0.621;39.1;12.143478260869566;86.0952380952381;948.5;78.25;0.0
2024-01-14;Sunday;False;False;0.7433333333333334;13.88888888888889;13.395454545454545;83.15;948.7142857142857;103.71428571428571;0.0
2024-01-15;Monday;False;False;1.0533333333333335;16.333333333333332;11.840909090909092;85.95;943.7142857142857;42.285714285714285;3.011111111111111
2024-01-16;Tuesday;False;False;1.0055555555555555;20.0;11.904545454545454;64.2;947.5714285714286;147.42857142857142;0.011111111111111112
2024-01-17;Wednesday;False;False;0.6755555555555556;8.666666666666666;10.827272727272726;59.5;953.2857142857143;173.57142857142858;0.0
2024-01-18;Thursday;False;False;0.5455555555555556;28.666666666666668;11.068181818181818;54.65;956.8571428571429;159.85714285714286;0.0
2024-01-19;Friday;False;False;0.6811111111111111;17.11111111111111;12.572727272727274;62.05;955.0;168.28571428571428;0.0
2024-01-20;Saturday;False;False;0.6877777777777777;17.0;12.018181818181818;52.9;953.4285714285714;180.71428571428572;0.0
2024-01-21;Sunday;False;False;0.647;80.6;10.326086956521738;64.61904761904762;950.625;110.25;0.0
2024-01-22;Monday;False;False;2.2969999999999997;118.3;10.217391304347826;79.47619047619048;942.375;89.5;3.725
2024-01-23;Tuesday;False;False;2.2439999999999998;212.2;6.6;63.869565217391305;939.125;118.375;0.255
2024-01-24;Wednesday;False;False;1.948;194.1;6.747999999999999;60.73913043478261;940.25;121.25;0.01
2024-01-25;Thursday;False;False;3.433;210.0;9.267999999999999;84.3913043478261;938.875;98.125;0.43
2024-01-26;Friday;False;False;2.465;192.7;8.66;62.26086956521739;935.375;147.125;0.030000000000000006
2024-01-27;Saturday;False;False;1.8990000000000002;8.7;7.508333333333333;47.18181818181818;943.5;177.5;0.0
2024-01-28;Sunday;False;False;1.471;6.5;8.658333333333333;49.68181818181818;946.875;199.375;0.0
2024-01-29;Monday;False;False;1.6990000000000003;56.3;8.136000000000001;60.30434782608695;944.625;186.375;0.0
2024-02-01;Thursday;False;False;0.529;32.7;10.141666666666667;66.36363636363636;957.5;132.625;0.0
2024-02-02;Friday;False;False;0.8790000000000001;6.9;10.116666666666667;65.22727272727273;955.75;137.75;0.0
2024-02-03;Saturday;False;False;0.728;16.8;10.058333333333334;63.31818181818182;955.5;141.875;0.0
2024-02-04;Sunday;False;False;0.471;13.8;10.0625;55.77272727272727;955.375;144.75;0.0
2024-02-05;Monday;False;False;0.48;73.3;9.279166666666667;61.72727272727273;952.2857142857143;117.125;0.0
2024-02-06;Tuesday;False;False;0.642;36.6;9.429166666666667;72.36363636363636;951.25;104.5;0.0
2024-02-07;Wednesday;False;False;0.9650000000000001;96.7;8.424999999999999;86.54545454545455;948.1428571428571;63.125;0.0
2024-02-08;Thursday;False;False;1.607;156.1;9.445833333333333;82.72727272727273;940.0;34.25;0.5
2024-02-09;Friday;False;False;2.029;156.6;9.208695652173914;93.19047619047619;926.25;41.75;10.145
2024-02-10;Saturday;False;False;2.54;211.5;7.625;66.36363636363636;930.125;120.5;0.42000000000000004
2024-02-11;Sunday;False;False;1.7399999999999998;209.9;5.5125;74.81818181818181;938.2857142857143;77.5;0.11000000000000001
2024-02-12;Monday;False;False;1.701;158.8;9.741666666666667;84.95454545454545;941.0;149.75;0.09
2024-02-13;Tuesday;False;False;0.621;39.1;12.143478260869566;86.0952380952381;948.5;78.25;0.0
2024-02-14;Wednesday;False;False;0.7433333333333334;13.88888888888889;13.395454545454545;83.15;948.7142857142857;103.71428571428571;0.0
2024-02-15;Thursday;False;False;1.0533333333333335;16.333333333333332;11.840909090909092;85.95;943.7142857142857;42.285714285714285;3.011111111111111
2024-02-16;Friday;False;False;1.0055555555555555;20.0;11.904545454545454;64.2;947.5714285714286;147.42857142857142;0.011111111111111112
2024-02-17;Saturday;False;False;0.6755555555555556;8.666666666666666;10.827272727272726;59.5;953.2857142857143;173.57142857142858;0.0
2024-02-18;Sunday;False;False;0.5455555555555556;28.666666666666668;11.068181818181818;54.65;956.8571428571429;159.85714285714286;0.0
2024-02-19;Monday;False;False;0.6811111111111111;17.11111111111111;12.572727272727274;62.05;955.0;168.28571428571428;0.0
2024-02-20;Tuesday;False;False;0.6877777777777777;17.0;12.018181818181818;52.9;953.4285714285714;180.71428571428572;0.0
2024-02-21;Wednesday;False;False;0.647;80.6;10.326086956521738;64.61904761904762;950.625;110.25;0.0
2024-02-22;Thursday;False;False;2.2969999999999997;118.3;10.217391304347826;79.47619047619048;942.375;89.5;3.725
2024-02-23;Friday;False;False;2.2439999999999998;212.2;6.6;63.869565217391305;939.125;118.375;0.255
2024-02-24;Saturday;False;False;1.948;194.1;6.747999999999999;60.73913043478261;940.25;121.25;0.01
2024-02-25;Sunday;False;False;3.433;210.0;9.267999999999999;84.3913043478261;938.875;98.125;0.43
2024-02-26;Monday;False;False;2.465;192.7;8.66;62.26086956521739;935.375;147.125;0.030000000000000006
2024-02-27;Tuesday;False;False;1.8990000000000002;8.7;7.508333333333333;47.18181818181818;943.5;177.5;0.0
2024-02-28;Wednesday;False;False;1.471;6.5;8.658333333333333;49.68181818181818;946.875;199.375;0.0
2024-02-29;Thursday;False;False;1.6990000000000003;56.3;8.136000000000001;60.30434782608695;944.625;186.375;0.0
2024-03-01;Friday;False;False;0.529;32.7;10.141666666666667;66.36363636363636;957.5;132.625;0.0
2024-03-02;Saturday;False;False;0.8790000000000001;6.9;10.116666666666667;65.22727272727273;955.75;137.75;0.0
2024-03-03;Sunday;False;False;0.728;16.8;10.058333333333334;63.31818181818182;955.5;141.875;0.0
2024-03-04;Monday;False;False;0.471;13.8;10.0625;55.77272727272727;955.375;144.75;0.0
2024-03-05;Tuesday;False;False;0.48;73.3;9.279166666666667;61.72727272727273;952.2857142857143;117.125;0.0
2024-03-06;Wednesday;False;False;0.642;36.6;9.429166666666667;72.36363636363636;951.25;104.5;0.0
2024-03-07;Thursday;False;False;0.9650000000000001;96.7;8.424999999999999;86.54545454545455;948.1428571428571;63.125;0.0
2024-03-08;Friday;False;False;1.607;156.1;9.445833333333333;82.72727272727273;940.0;34.25;0.5
2024-03-09;Saturday;False;False;2.029;156.6;9.208695652173914;93.19047619047619;926.25;41.75;10.145
2024-03-10;Sunday;False;False;2.54;211.5;7.625;66.36363636363636;930.125;120.5;0.42000000000000004
2024-03-11;Monday;False;False;1.7399999999999998;209.9;5.5125;74.81818181818181;938.2857142857143;77.5;0.11000000000000001
2024-03-12;Tuesday;False;False;1.701;158.8;9.741666666666667;84.95454545454545;941.0;149.75;0.09
2024-03-13;Wednesday;False;False;0.621;39.1;12.143478260869566;86.0952380952381;948.5;78.25;0.0
2024-03-14;Thursday;False;False;0.7433333333333334;13.88888888888889;13.395454545454545;83.15;948.7142857142857;103.71428571428571;0.0
2024-03-15;Friday;False;False;1.0533333333333335;16.333333333333332;11.840909090909092;85.95;943.7142857142857;42.285714285714285;3.011111111111111
2024-03-16;Saturday;False;False;1.0055555555555555;20.0;11.904545454545454;64.2;947.5714285714286;147.42857142857142;0.011111111111111112
2024-03-17;Sunday;False;False;0.6755555555555556;8.666666666666666;10.827272727272726;59.5;953.2857142857143;173.57142857142858;0.0
2024-03-18;Monday;False;False;0.5455555555555556;28.666666666666668;11.068181818181818;54.65;956.8571428571429;159.85714285714286;0.0
2024-03-19;Tuesday;False;False;0.6811111111111111;17.11111111111111;12.572727272727274;62.05;955.0;168.28571428571428;0.0
2024-03-20;Wednesday;False;False;0.6877777777777777;17.0;12.018181818181818;52.9;953.4285714285714;180.71428571428572;0.0
2024-03-21;Thursday;False;False;0.647;80.6;10.326086956521738;64.61904761904762;950.625;110.25;0.0
2024-03-22;Friday;False;False;2.2969999999999997;118.3;10.217391304347826;79.47619047619048;942.375;89.5;3.725
2024-03-23;Saturday;False;False;2.2439999999999998;212.2;6.6;63.869565217391305;939.125;118.375;0.255
2024-03-24;Sunday;False;False;1.948;194.1;6.747999999999999;60.73913043478261;940.25;121.25;0.01
2024-03-25;Monday;False;False;3.433;210.0;9.267999999999999;84.3913043478261;938.875;98.125;0.43
2024-03-26;Tuesday;False;False;2.465;192.7;8.66;62.26086956521739;935.375;147.125;0.030000000000000006
2024-03-27;Wednesday;False;True;1.8990000000000002;8.7;7.508333333333333;47.18181818181818;943.5;177.5;0.0
2024-03-28;Thursday;True;True;1.471;6.5;8.658333333333333;49.68181818181818;946.875;199.375;0.0
2024-03-29;Friday;True;False;1.6990000000000003;56.3;8.136000000000001;60.30434782608695;944.625;186.375;0.0
